station_code,feature_day,temp_mean,temp_min,temp_max,hum_mean,hum_min,hum_max,press_mean,press_min,press_max,dpress3_mean,dpress3_min,dpress6_mean,dpress6_min,wind_mean,wind_max,solar_mean,solar_max,uvi_mean,uvi_max,month,doy,rain_day_next
home,2023-05-09 00:00:00+00,14.894444465637207,8,21.299999237060547,72.05555555555556,48,98,1021.3944464789497,1019.9000244140625,1022.9000244140625,0.03333740234375,-1.5,0.48333740234375,-2.0999755859375,0.8040123544633389,3.222222328186035,131.42222209771475,522.2000122070312,1,5,5,129,0
home,2023-05-10 00:00:00+00,13.125000059604645,4.800000190734863,19.600000381469727,63.5,36,98,1020.2666651407877,1018.9000244140625,1021.5999755859375,-0.1875,-1.5,-0.3500010172526042,-2.10003662109375,0.9745370435218016,4.277777671813965,217.8833348515133,765.2000122070312,1.875,7,5,130,1
home,2023-05-11 00:00:00+00,9.77916673819224,5.300000190734863,16.5,80.25,47,99,1018.4750035603842,1016.7999877929688,1020.0999755859375,-0.2708333333333333,-1.5999755859375,-0.5999984741210938,-2.39996337890625,0.7152777863666415,2.5,158.36666786670685,742.5999755859375,1.3333333333333333,7,5,131,1
home,2023-05-12 00:00:00+00,7.236363703554327,3.0999999046325684,12.199999809265137,90.54545454545455,67,99,1017.5727289373225,1016.5999755859375,1019.2000122070312,0.004547119140625,-1.10003662109375,0.081817626953125,-1.9000244140625,0.2575757594948465,1.5277777910232544,113.67727518081665,560.4000244140625,0.7272727272727273,5,5,132,0
home,2023-05-13 00:00:00+00,8.608333349227905,3.0999999046325684,13.300000190734863,83.75,56,99,1019.1916681925455,1018.4000244140625,1020.5,0.16249847412109375,-1.0999755859375,0.3166656494140625,-0.79998779296875,0.26620370522141457,1.6944444179534912,93.34583427508672,491.1000061035156,0.6666666666666666,4,5,133,0
home,2023-05-14 00:00:00+00,11.137499988079071,3.299999952316284,17.200000762939453,66.04166666666667,41,99,1018.9666646321615,1017.7000122070312,1020.2999877929688,-0.050000508626302086,-1.70001220703125,-0.07916768391927083,-1.79998779296875,0.5393518476436535,3.0833332538604736,132.4749986131986,682.7999877929688,1,6,5,134,0
home,2023-05-15 00:00:00+00,12.512500047683716,5.199999809265137,17,52.833333333333336,36,85,1016.8791681925455,1015.7000122070312,1018.7000122070312,-0.3583323160807292,-1.20001220703125,-0.6999969482421875,-2.5,1.4490740873540442,3.6111111640930176,166.5750012199084,605.9000244140625,1.2916666666666667,5,5,135,0
home,2023-05-16 00:00:00+00,12.933333297570547,5.599999904632568,18.600000381469727,41.541666666666664,25,58,1016.0833333333334,1014.9000244140625,1018.7000122070312,0.22500101725260416,-1.5,0.2541656494140625,-2.300048828125,1.653935195878148,5.083333492279053,183.0208318134149,665.9000244140625,1.4583333333333333,6,5,136,0
home,2023-05-17 00:00:00+00,12.012499928474426,2.9000000953674316,19.899999618530273,43,15,67,1018.1374969482422,1016.4000244140625,1020.5,0.195831298828125,-0.9000244140625,0.5124994913736979,-1.300048828125,1.0046296228344243,3.8888888359069824,210.17499965429306,706.5999755859375,1.75,6,5,137,0
home,2023-05-18 00:00:00+00,9.745833277702332,3.799999952316284,14,61.25,38,84,1019.9291737874349,1018.9000244140625,1021.5,0.1625035603841146,-0.9000244140625,0.3166707356770833,-1.5999755859375,0.5555555537963907,1.7777777910232544,93.87083189686139,567.7999877929688,0.625,5,5,138,1
home,2023-05-19 00:00:00+00,8.400000035762787,3.5999999046325684,14.600000381469727,73.33333333333333,53,86,1019.2833353678385,1018.5999755859375,1020.2000122070312,-0.5250091552734375,-1.70001220703125,-1.1666768391927083,-2.29998779296875,0.2685185174147288,0.9722222089767456,85.89166577657063,251.1999969482422,0.4166666666666667,2,5,139,0
home,2023-05-20 00:00:00+00,9.375,5.199999809265137,13,89.58333333333333,77,99,1016.6000010172526,1016,1017.5,-0.6083272298177084,-3.29998779296875,-1.008331298828125,-2.89996337890625,0.006944444651405017,0.0833333358168602,49.274999936421715,250.6999969482422,0.3333333333333333,2,5,140,0
home,2023-05-21 00:00:00+00,11.158333321412405,4.099999904632568,15.5,80.875,60,99,1016.4458312988281,1015.7000122070312,1017.7000122070312,0.09166463216145833,-0.70001220703125,0.11249796549479167,-1.29998779296875,0.3611111169060071,2.1111111640930176,99.23333372672398,468.8999938964844,0.7083333333333334,4,5,141,1
home,2023-05-22 00:00:00+00,11.849999944368998,8.100000381469727,16.799999237060547,90.29166666666667,64,99,1017.9083404541016,1016.9000244140625,1019.2000122070312,0.179168701171875,-0.79998779296875,0.3708394368489583,-0.79998779296875,0.06944444434096415,0.7222222089767456,89.99166641632716,415.1000061035156,0.625,4,5,142,0
home,2023-05-23 00:00:00+00,13.112500031789144,7.800000190734863,18.5,79.41666666666667,61,95,1018.7375081380209,1018.0999755859375,1020,0.09583282470703125,-0.70001220703125,0.16666412353515625,-0.79998779296875,0.2395833314706882,2.277777671813965,74.20833337306976,285.79998779296875,0.375,2,5,143,1
home,2023-05-24 00:00:00+00,12.220833321412405,6.900000095367432,20.799999237060547,87.83333333333333,52,99,1019.3208389282227,1018.7999877929688,1020.4000244140625,-0.020833333333333332,-1.5,-0.0041656494140625,-0.70001220703125,0.23032407462596893,1.5277777910232544,101.26250104109447,673.7000122070312,0.7083333333333334,6,5,144,1
home,2023-05-25 00:00:00+00,10.085714294796897,8.5,13.699999809265137,97.38095238095238,88,99,1020.5333397274926,1018.2999877929688,1023.2000122070312,0.4857148670014881,-0.79998779296875,0.9761875697544643,-1.70001220703125,0.11243386034454618,0.5833333134651184,46.33333346957252,208.60000610351562,0.23809523809523808,2,5,145,0
home,2023-05-26 00:00:00+00,14.047826103542162,6.900000095367432,21.299999237060547,76.52173913043478,49,99,1023.882616126019,1022.7000122070312,1024.800048828125,0.16521420686141305,-1.00006103515625,0.3826134723165761,-1.20001220703125,0.35748792310123856,2.5,178.19565113731053,679.7000122070312,1.434782608695652,6,5,146,0
home,2023-05-27 00:00:00+00,16.62500003973643,7,24.799999237060547,63.583333333333336,35,93,1021.841667175293,1020,1023.5,-0.39166514078776044,-1.5,-0.7500050862630209,-2.699951171875,0.5601851971199115,2.9166667461395264,206.57499992847443,677.0999755859375,1.7083333333333333,6,5,147,1
home,2023-05-28 00:00:00+00,14.93749996026357,9.5,22.5,78.25,49,93,1018.4166717529297,1017.2000122070312,1019.9000244140625,-0.3958333333333333,-1.60003662109375,-0.820831298828125,-2.70001220703125,0.24652777798473835,1.1944444179534912,135.05833303928375,625.5,1,6,5,148,1
home,2023-05-29 00:00:00+00,14.09166669845581,8.899999618530273,22.100000381469727,82,43,99,1018.4541651407877,1017.2999877929688,1020.0999755859375,0.26249949137369794,-0.60003662109375,0.4499969482421875,-1,0.23263888775060573,1.3055555820465088,143.78750119606653,754.7999877929688,1.1666666666666667,7,5,149,1
home,2023-05-30 00:00:00+00,12.741666694482168,7.800000190734863,18.899999618530273,90.45833333333333,60,99,1020.2958323160807,1019.5,1021.0999755859375,0.1291656494140625,-1,0.22916666666666666,-0.9000244140625,0.256944442478319,3.3888888359069824,114.7166638771693,759.5999755859375,0.875,7,5,150,1
home,2023-05-31 00:00:00+00,12.929166714350382,7.699999809265137,21.700000762939453,89.45833333333333,49,99,1020.0208358764648,1018.9000244140625,1020.7999877929688,-0.11249796549479167,-1.29998779296875,-0.17499796549479166,-1.5,0.07870370397965114,0.8888888955116272,116.87083305915196,772.5,0.8333333333333334,7,5,151,1
home,2023-06-01 00:00:00+00,11.983333349227905,7.300000190734863,18,92.5,65,99,1019.8000055948893,1018.9000244140625,1020.4000244140625,-0.0583343505859375,-1.300048828125,-0.07499949137369792,-1.5,0.10416666759798925,1.3055555820465088,100.35416711370151,481.5,0.75,4,6,152,1
home,2023-06-02 00:00:00+00,12.93750003973643,6.400000095367432,20.100000381469727,87.875,57,99,1018.6416676839193,1017.2000122070312,1019.5,-0.07499949137369792,-1.70001220703125,-0.179168701171875,-1.79998779296875,0.17824074222395817,1.6111111640930176,143.39999931057295,641.5,1.1666666666666667,6,6,153,1
home,2023-06-03 00:00:00+00,12.124999900658926,7.900000095367432,19.100000381469727,91.75,68,99,1019.1625035603842,1018.2000122070312,1021.2000122070312,0.054166158040364586,-2.29998779296875,0.10416666666666667,-2.10003662109375,0.2395833358168602,1.6944444179534912,128.90833481152853,734.9000244140625,1.0416666666666667,7,6,154,0
home,2023-06-04 00:00:00+00,13.970833162466684,7.099999904632568,20.799999237060547,85.91666666666667,58,99,1019.8749974568685,1019.0999755859375,1020.9000244140625,0.1750005086263021,-0.5,0.31250254313151044,-0.800048828125,0.2488425907989343,1.6944444179534912,181.59166745344797,903.5999755859375,1.4583333333333333,8,6,155,1
home,2023-06-05 00:00:00+00,14.620833237965902,8.899999618530273,22.200000762939453,86,53,99,1020.25,1018.5,1021,-0.008333841959635416,-2,0.0041656494140625,-1.9000244140625,0.32175925994912785,1.7777777910232544,135.72500085830688,668,1.0833333333333333,6,6,156,1
home,2023-06-06 00:00:00+00,14.637500047683716,8.600000381469727,22.100000381469727,86.125,52,99,1020.4583384195963,1019.2999877929688,1021.4000244140625,0.02500152587890625,-1.29998779296875,0.09166971842447917,-1.29998779296875,0.37615741044282913,2,146.54999862114587,769.5,1.125,7,6,157,0
home,2023-06-07 00:00:00+00,14.579166650772095,9.199999809265137,19.600000381469727,91.16666666666667,70,99,1019.6875,1018.7000122070312,1020.2000122070312,-0.22916666666666666,-1.20001220703125,-0.42500050862630206,-1.9000244140625,0.5601851921528578,3.6111111640930176,117.92083422342937,514.4000244140625,0.8333333333333334,5,6,158,0
home,2023-06-08 00:00:00+00,16.416666666666668,10,21.100000381469727,81.70833333333333,57,99,1017.3000030517578,1015.7000122070312,1018.9000244140625,-0.375,-1.20001220703125,-0.7625020345052084,-2,0.23379629819343486,1.3055555820465088,160.1291657090187,731.2999877929688,1.2916666666666667,7,6,159,1
home,2023-06-09 00:00:00+00,16.583333253860474,11.800000190734863,22.899999618530273,83.75,55,99,1016.0416666666666,1014.5999755859375,1018.4000244140625,0.2541656494140625,-1.20001220703125,0.37083180745442706,-1.5,0.4618055572112401,2.5833332538604736,152.06250106543303,773,1.2083333333333333,7,6,160,1
home,2023-06-10 00:00:00+00,16.27916673819224,10.600000381469727,22.5,84.375,62,99,1018.8666687011719,1017.5,1020.5,0.2749989827473958,-1.0999755859375,0.6041666666666666,-0.70001220703125,0.11921296299745639,1.5277777910232544,139.55416838328043,743.9000244140625,1.0833333333333333,7,6,161,1
home,2023-06-11 00:00:00+00,14.637500087420145,10.800000190734863,21.799999237060547,92.25,63,99,1020.0624949137369,1019.0999755859375,1021.2000122070312,-0.1333338419596354,-1.60003662109375,-0.15833536783854166,-1.79998779296875,0.10185185074806213,0.9722222089767456,114.34583340088527,647.5999755859375,0.8333333333333334,6,6,162,0
home,2023-06-12 00:00:00+00,17.478260828101117,9.399999618530273,23.200000762939453,76.26086956521739,56,99,1017.5304353133491,1016,1018.9000244140625,-0.4086940599524457,-1.29998779296875,-0.8521728515625,-2.29998779296875,0.39251207592694654,2.194444417953491,179.36521422344705,890.5999755859375,1.391304347826087,8,6,163,1
home,2023-06-13 00:00:00+00,15.455555491977268,11.800000190734863,20.299999237060547,87.16666666666667,71,99,1014.8222215440538,1013.0999755859375,1015.7999877929688,-0.116668701171875,-1.20001220703125,-0.4333326551649306,-2.300048828125,0.259259263260497,1.7777777910232544,117.56111155615912,786.9000244140625,0.8333333333333334,7,6,164,0
home,2023-06-14 00:00:00+00,17.1260870228643,11.5,23.200000762939453,71.43478260869566,43,99,1018.1608674422554,1015.0999755859375,1021.5,0.7826113493546195,-0.5,1.5695694633152173,0,0.6086956499063451,3,142.58695793151855,771.2000122070312,1.173913043478261,7,6,165,0
home,2023-06-15 00:00:00+00,18.37083339691162,9.800000190734863,24.299999237060547,65.125,42,93,1022.5958251953125,1021.2999877929688,1024.199951171875,0.2833302815755208,-0.70001220703125,0.6749928792317709,-1,0.6342592571551601,2.5833332538604736,164.92083315054575,719.5999755859375,1.3333333333333333,7,6,166,0
home,2023-06-16 00:00:00+00,18.604761986505416,11.800000190734863,25.200000762939453,73.9047619047619,51,97,1022.9380929129464,1021.7999877929688,1024,-0.19523693266369047,-1.10003662109375,-0.37142508370535715,-1.70001220703125,0.37037037242026555,1.6944444179534912,193.17618842352005,825,1.6666666666666667,8,6,167,1
home,2023-06-17 00:00:00+00,19.99166675408681,12.800000190734863,28,74.33333333333333,41,99,1021.0375061035156,1019.2999877929688,1022.9000244140625,-0.08749643961588542,-1.4000244140625,-0.17916107177734375,-2.20001220703125,0.4131944452722867,2.694444417953491,187.3624975681305,703.5,1.5833333333333333,6,6,168,1
home,2023-06-18 00:00:00+00,16.674999872843426,12.5,22.600000381469727,90.20833333333333,67,99,1020.6583404541016,1019.5999755859375,1023.2000122070312,-0.037501017252604164,-3,-0.15000152587890625,-3.300048828125,0.20717592382182679,0.9722222089767456,98.25416807333629,688.4000244140625,0.7083333333333334,6,6,169,0
home,2023-06-19 00:00:00+00,18.24583347638448,12.100000381469727,25,72.54166666666667,45,95,1018.8833338419596,1017.2999877929688,1020.9000244140625,-0.47916920979817706,-2.5,-0.8208389282226562,-2.70001220703125,0.233796293536822,1.6944444179534912,155.65416769186655,824.2000122070312,1.2916666666666667,8,6,170,0
home,2023-06-20 00:00:00+00,19.30555560853746,13.199999809265137,26,73.66666666666667,51,88,1018.7944403754341,1016.4000244140625,1021.2999877929688,0.5833333333333334,-1.0999755859375,0.9277784559461806,-2.199951171875,0.10339506384399202,0.8055555820465088,75.71111059188843,389.8999938964844,0.5,3,6,171,0
home,2023-06-21 00:00:00+00,21.90416653951009,15.399999618530273,27.799999237060547,71.29166666666667,48,89,1019.716667175293,1018.2999877929688,1020.7000122070312,-0.054166158040364586,-1.60003662109375,-0.04166412353515625,-2,0.36342593158284825,1.6111111640930176,137.12083276112875,446.79998779296875,1.0416666666666667,4,6,172,1
home,2023-06-22 00:00:00+00,20.06666660308838,14.100000381469727,25.299999237060547,78.08333333333333,56,97,1023.7041778564453,1020.2999877929688,1028,0.9125035603841146,-0.4000244140625,1.754168192545573,-0.4000244140625,0.7604166626309355,3.6111111640930176,220.7833355665207,819,1.9166666666666667,7,6,173,0
home,2023-06-23 00:00:00+00,21.008333285649616,15.199999809265137,27.100000381469727,75.58333333333333,51,99,1027.3333282470703,1026,1028.5,-0.15416971842447916,-1.2999267578125,-0.13333638509114584,-2.199951171875,0.40393519463638466,2.4166667461395264,159.87083439032236,557.4000244140625,1.25,5,6,174,0
home,2023-06-24 00:00:00+00,21.691666563351948,13.899999618530273,29,71.91666666666667,45,99,1024.4250005086262,1022.7000122070312,1025.9000244140625,-0.2708333333333333,-1.300048828125,-0.6750005086263021,-2.300048828125,0.36111110635101795,1.6944444179534912,224.84166502952576,715.2999877929688,1.8333333333333333,6,6,175,0
home,2023-06-25 00:00:00+00,23.425000190734863,14.699999809265137,31.100000381469727,69.33333333333333,38,98,1024.1166687011719,1022.7999877929688,1026.300048828125,0.15416971842447916,-0.7000732421875,0.30417633056640625,-0.9000244140625,0.6064814844479164,2.5833332538604736,222.97500228881836,714,1.875,6,6,176,1
home,2023-06-26 00:00:00+00,21.554166833559673,14.899999618530273,30.700000762939453,77,43,98,1025.058334350586,1024,1025.800048828125,-0.024998982747395832,-1.2000732421875,-0.008341471354166666,-1.4000244140625,0.4837962972621123,2.5833332538604736,198.1499991180996,720.9000244140625,1.6666666666666667,7,6,177,0
home,2023-06-27 00:00:00+00,21.07083324591319,14.399999618530273,28.299999237060547,80.29166666666667,58,98,1023.4416758219401,1022.2999877929688,1024.800048828125,-0.3625030517578125,-1.199951171875,-0.7083307902018229,-1.60009765625,0.3900462932263811,2.694444417953491,173.95416577657065,665,1.4583333333333333,6,6,178,0
home,2023-06-28 00:00:00+00,21.19583336512248,15.399999618530273,28.100000381469727,82.08333333333333,59,99,1025.0999959309895,1021.7999877929688,1027.800048828125,0.6124979654947916,-1.2999267578125,1.1791610717773438,-1,0.30439814863105613,1.9166666269302368,177.41250117619833,681.4000244140625,1.4166666666666667,6,6,179,1
home,2023-06-29 00:00:00+00,19.104761895679292,13,24,85.66666666666667,66,99,1026.9000127883185,1025.800048828125,1028.4000244140625,-0.11428106398809523,-1.800048828125,-0.10475376674107142,-1.5,0.37566137526716503,1.7777777910232544,115.24285784221831,471.5,0.9523809523809523,4,6,180,0
home,2023-06-30 00:00:00+00,15.752380825224376,11.5,21.200000762939453,84.9047619047619,64,99,1026.3952462332588,1025.199951171875,1027.4000244140625,-0.00952729724702381,-2,-0.08571661086309523,-2.0999755859375,0.3611111112293743,1.6944444179534912,137.40952600751604,743.9000244140625,1.0952380952380953,7,6,181,0
home,2023-07-01 00:00:00+00,17.929166674613953,9.699999809265137,23.799999237060547,77.875,61,99,1026.2124888102214,1025.199951171875,1027.0999755859375,0.029164632161458332,-0.800048828125,-0.004170735677083333,-0.9000244140625,0.49074074253439903,2.1111111640930176,182.02083241939545,714,1.4166666666666667,6,7,182,0
home,2023-07-02 00:00:00+00,20.537499944369,12.600000381469727,25.899999618530273,76.125,58,96,1026.9750010172527,1026,1028.4000244140625,0.162506103515625,-1.0999755859375,0.287506103515625,-1.0999755859375,0.4907407422239582,2.694444417953491,201.77916463216147,878,1.625,8,7,183,0
home,2023-07-03 00:00:00+00,20.141666730244953,14.300000190734863,25.299999237060547,76.75,58,97,1027.754165649414,1027.0999755859375,1028.5999755859375,-0.037506103515625,-0.9000244140625,0.07916259765625,-1.10009765625,0.5613425991808375,3,192.704164425532,706.5999755859375,1.5,6,7,184,1
home,2023-07-04 00:00:00+00,17.612499992052715,13,22.600000381469727,86.70833333333333,69,99,1027.5083312988281,1026.5,1028.800048828125,-0.0749969482421875,-2.0999755859375,-0.07916259765625,-1.4000244140625,0.18981481778124967,1.1111111640930176,132.65000001589456,765.2000122070312,0.9583333333333334,7,7,185,0
home,2023-07-05 00:00:00+00,17.704166690508526,13.5,22.600000381469727,93.95833333333333,79,99,1026.0874938964844,1025,1027.300048828125,-0.22083536783854166,-2.2999267578125,-0.5250091552734375,-2.9000244140625,0.3993055581425627,2.194444417953491,81.61666595935822,570.7999877929688,0.5,5,7,186,1
home,2023-07-06 00:00:00+00,18.258333404858906,12.899999618530273,23.700000762939453,88.375,62,99,1025.179163614909,1024,1026.0999755859375,0.024998982747395832,-1.5,-0.09166463216145833,-1.699951171875,0.2800925901780526,1.6944444179534912,110.85833352804184,518.2999877929688,0.7916666666666666,5,7,187,0
home,2023-07-07 00:00:00+00,20.416666587193806,11.699999809265137,28,74.70833333333333,46,99,1025.562494913737,1024.300048828125,1027,0.10833231608072917,-1.199951171875,0.2833353678385417,-0.9000244140625,0.32638888868192834,2.1111111640930176,183.47083202997842,697.5999755859375,1.5,6,7,188,0
home,2023-07-08 00:00:00+00,23.212499976158142,14.199999809265137,31.100000381469727,63.333333333333336,36,88,1026.9874827067058,1025.5999755859375,1028.699951171875,0.2458343505859375,-1,0.4624989827473958,-1.300048828125,0.5243055609365305,2.5,217.41666766007742,681.9000244140625,1.75,6,7,189,0
home,2023-07-09 00:00:00+00,24.737499793370564,15.899999618530273,33.099998474121094,65.20833333333333,37,89,1029.1625162760417,1028.300048828125,1031,0.2791697184244792,-0.5,0.4916737874348958,-0.800048828125,0.3252314779286583,2.277777671813965,203.3874990940094,670.5999755859375,1.6666666666666667,6,7,190,0
home,2023-07-10 00:00:00+00,25.145833253860474,17.399999618530273,32.099998474121094,70.875,47,92,1029.7541605631511,1028.0999755859375,1031.0999755859375,-0.2541656494140625,-1.300048828125,-0.3333384195963542,-1.60009765625,0.6851851825291911,3.3888888359069824,208.54167012373605,658.9000244140625,1.75,6,7,191,0
home,2023-07-11 00:00:00+00,26.329166650772095,18.399999618530273,34.099998474121094,66.04166666666667,39,92,1025.7874959309895,1024,1028.5,-0.5208384195963541,-1.5,-1.0041707356770833,-2.199951171875,0.5277777733281255,2.694444417953491,206.775000055631,654.5999755859375,1.7916666666666667,6,7,192,0
home,2023-07-12 00:00:00+00,23.09583346048991,16.299999237060547,29.899999618530273,69.16666666666667,51,87,1024.6791687011719,1023.9000244140625,1025.9000244140625,0.1541748046875,-1.0999755859375,0.13334147135416666,-1.0999755859375,0.3611111119389534,1.7777777910232544,166.47499922911325,655.5,1.375,6,7,193,0
home,2023-07-13 00:00:00+00,21.5541668732961,15,28,71.125,48,94,1026.9624837239583,1025.9000244140625,1028,0.2166595458984375,-0.800048828125,0.5291595458984375,-1.4000244140625,0.44675925684471923,2.194444417953491,203.2791660229365,685,1.7083333333333333,6,7,194,0
home,2023-07-14 00:00:00+00,23.008333524068195,16.700000762939453,30.200000762939453,73.91666666666667,49,94,1025.2083485921223,1023.4000244140625,1027.300048828125,-0.39166259765625,-1.60003662109375,-0.7916615804036459,-2.4000244140625,0.7152777692923943,3.3888888359069824,199.88749933242798,701.7999877929688,1.6666666666666667,6,7,195,0
home,2023-07-15 00:00:00+00,23.208333293596905,15.300000190734863,28.799999237060547,72.875,51,90,1022.8250071207682,1021.4000244140625,1024.9000244140625,0.020833333333333332,-1.5,-0.133331298828125,-2.29998779296875,0.6678240733842055,2.5833332538604736,176.20833377043405,717.5,1.375,6,7,196,0
home,2023-07-16 00:00:00+00,22.541666507720947,17.5,27.899999618530273,75.83333333333333,46,95,1025.7166595458984,1024,1027.5,0.3500010172526042,-0.9000244140625,0.7541605631510416,-1.4000244140625,0.6747685183460513,2.9166667461395264,176.970831712087,678,1.375,6,7,197,0
home,2023-07-17 00:00:00+00,24.62916644414266,16.5,33.20000076293945,67,43,93,1027.2374928792317,1025.699951171875,1028.5,0.054163614908854164,-1.7000732421875,0.1291656494140625,-2.4000244140625,0.618055555348595,2.9166667461395264,199.27916781107584,693.5999755859375,1.6666666666666667,6,7,198,0
home,2023-07-18 00:00:00+00,27.858333349227905,17,37.29999923706055,40.791666666666664,17,78,1026.066665649414,1024.4000244140625,1027.5999755859375,-0.2708333333333333,-1.800048828125,-0.4999949137369792,-2.7000732421875,0.5879629592721661,2.5,217.85833326975504,809.9000244140625,1.8333333333333333,7,7,199,0
home,2023-07-19 00:00:00+00,26.62916644414266,19,33.900001525878906,50.25,34,81,1023.9291661580404,1022.0999755859375,1025.5999755859375,-0.31666819254557294,-1.4000244140625,-0.6041717529296875,-2.70001220703125,0.5532407499849796,2.4166667461395264,179.51250064373016,673.7000122070312,1.4583333333333333,6,7,200,0
home,2023-07-20 00:00:00+00,23.87083347638448,16.799999237060547,31.299999237060547,67.58333333333333,38,89,1020.466667175293,1018.2999877929688,1022.5999755859375,-0.4791666666666667,-2.4000244140625,-0.9124984741210938,-3.4000244140625,0.5671296293536822,3.0833332538604736,181.12500003973642,757.9000244140625,1.5,7,7,201,1
home,2023-07-21 00:00:00+00,22.166666706403095,15.800000190734863,27,72.58333333333333,44,99,1020.7749989827474,1019.2999877929688,1023.9000244140625,0.5125020345052084,-0.5,0.8750025431315104,-0.5,0.7210648208856583,3.972222328186035,197.97916611035666,652.7999877929688,1.5833333333333333,6,7,202,1
home,2023-07-22 00:00:00+00,20.291666706403095,13.899999618530273,25.700000762939453,77.41666666666667,48,99,1024.4000040690105,1023.2999877929688,1025.4000244140625,0.2291692097981771,-0.9000244140625,0.5250040690104166,-1.7000732421875,0.4259259294097622,2.4166667461395264,216.41250320275626,832.4000244140625,1.8333333333333333,8,7,203,0
home,2023-07-23 00:00:00+00,23.00416648387909,14.5,30.399999618530273,73.70833333333333,42,97,1022.095832824707,1019.0999755859375,1025.0999755859375,-0.7041702270507812,-1.79998779296875,-1.2500050862630208,-3.5,0.4108796327685316,1.6944444179534912,214.46666491031647,812.0999755859375,1.8333333333333333,7,7,204,0
home,2023-07-24 00:00:00+00,23.27500009536743,17.700000762939453,29.700000762939453,68.29166666666667,38,96,1017.5000025431315,1015.7999877929688,1019,-0.22500101725260416,-1.5,-0.5875015258789062,-2.60003662109375,0.9131944328546524,4.777777671813965,171.06250141064325,714.4000244140625,1.3333333333333333,6,7,205,0
home,2023-07-25 00:00:00+00,19.266666690508526,13.5,24.899999618530273,65.91666666666667,45,92,1019.3749949137369,1017.0999755859375,1022.7000122070312,0.6041666666666666,-1.199951171875,1.0541661580403645,-1.0999755859375,0.8923611125598351,3.5,208.2958352367083,784.7000122070312,1.7083333333333333,7,7,206,0
home,2023-07-26 00:00:00+00,18.645833492279053,12.300000190734863,25.700000762939453,64.79166666666667,44,88,1023.5249913533529,1022.2999877929688,1024.699951171875,0.2458318074544271,-1,0.6374969482421875,-1.5,0.49189815142502386,1.9166666269302368,220.49583427111307,898.2999877929688,1.875,8,7,207,1
home,2023-07-27 00:00:00+00,19.845833381017048,12.100000381469727,29.5,73.41666666666667,38,97,1022.0791702270508,1019.7999877929688,1023.7999877929688,-0.37916310628255206,-2.20001220703125,-0.6291580200195312,-2.79998779296875,1.065972219221294,2.5833332538604736,192.75416350364685,874.0999755859375,1.625,8,7,208,0
home,2023-07-28 00:00:00+00,20.933333317438763,11.300000190734863,28.5,67.08333333333333,35,98,1022.2791697184244,1020.7999877929688,1023.4000244140625,0.1458307902018229,-1.29998779296875,0.2124964396158854,-2.20001220703125,0.5011574098219475,1.9166666269302368,233.62916811307272,909.2000122070312,2,8,7,209,0
home,2023-07-29 00:00:00+00,22.862500031789143,14.399999618530273,30.100000381469727,66.875,39,94,1022.0083312988281,1020.4000244140625,1024,0.14166768391927084,-1,0.15416717529296875,-1.5,0.4583333271245162,2.5833332538604736,226.31666419903436,906.0999755859375,2,8,7,210,0
home,2023-07-30 00:00:00+00,21.633333285649616,16.899999618530273,26.899999618530273,80.25,65,97,1025.0416615804036,1023.9000244140625,1026.0999755859375,0.24166361490885416,-1.0999755859375,0.5916570027669271,-1.9000244140625,0.5451388930281004,2.9166667461395264,90.61666520436604,530.0999755859375,0.625,5,7,211,0
home,2023-07-31 00:00:00+00,22.05416675408681,15.800000190734863,28.799999237060547,72.29166666666667,44,98,1023.3208262125651,1021.2000122070312,1025.0999755859375,-0.4166615804036458,-1.5,-0.8041585286458334,-2.99993896484375,0.48958333550641936,1.5277777910232544,239.82916696866354,886.7000122070312,2.0833333333333335,8,7,212,0
home,2023-08-01 00:00:00+00,21.737500111262005,14.199999809265137,28.799999237060547,71.75,40,95,1020.2749989827474,1018.7999877929688,1021.2999877929688,-0.2291692097981771,-1.70001220703125,-0.46666717529296875,-1.89996337890625,0.9490740681067109,4.277777671813965,217.86666703224182,864.5,1.875,8,8,213,0
home,2023-08-02 00:00:00+00,23.637499968210857,16.100000381469727,30.799999237060547,64.70833333333333,36,95,1018.150006612142,1016.0999755859375,1020.2000122070312,-0.2791646321614583,-1.5,-0.633331298828125,-2.70001220703125,0.7777777848144373,3,238.4791695177555,901.9000244140625,2.0416666666666665,8,8,214,0
home,2023-08-03 00:00:00+00,19.387500007947285,11.300000190734863,24.600000381469727,66.95833333333333,43,92,1019.0458399454752,1017.9000244140625,1020.9000244140625,0.2833353678385417,-0.70001220703125,0.6000035603841146,-1.300048828125,0.939814823679626,3,211.59166864554086,892.7000122070312,1.8333333333333333,8,8,215,0
home,2023-08-04 00:00:00+00,17.270833293596905,10.199999809265137,22.5,48.416666666666664,35,81,1022.4625040690104,1019.7999877929688,1025.300048828125,0.5291671752929688,-1,1.070831298828125,-0.79998779296875,1.106481476376454,3.222222328186035,210.22083497047424,913.5999755859375,1.8333333333333333,8,8,216,0
home,2023-08-05 00:00:00+00,18.92916675408681,8.899999618530273,25,48.708333333333336,39,69,1022.7083257039388,1021.2000122070312,1024.199951171875,-0.2750040690104167,-1.4000244140625,-0.5208358764648438,-1.89996337890625,1.0138888868192832,4.527777671813965,230.51666470368704,887.9000244140625,2,8,8,217,0
home,2023-08-06 00:00:00+00,19.116666595141094,11,25.299999237060547,64.41666666666667,40,88,1023.3874994913737,1022.2000122070312,1025.0999755859375,0.2875010172526042,-1,0.5208307902018229,-1.5,1.3553240671753883,4.527777671813965,224.2458371023337,886.2000122070312,1.9583333333333333,8,8,218,0
home,2023-08-07 00:00:00+00,18.483333428700764,11.800000190734863,24.5,56.333333333333336,34,88,1025.2208251953125,1024.0999755859375,1026,0.054163614908854164,-1,0.14583333333333334,-1.5,0.5752314878627658,2,224.3416678905487,879.2000122070312,1.9583333333333333,8,8,219,0
home,2023-08-08 00:00:00+00,20.579166650772095,10.199999809265137,28.799999237060547,65.41666666666667,42,95,1024.4958394368489,1023.0999755859375,1025.300048828125,-0.024993896484375,-1.2000732421875,-0.07499186197916667,-1.7000732421875,0.6388888877506057,2.9166667461395264,222.63333383202553,892.7000122070312,1.9166666666666667,8,8,220,0
home,2023-08-09 00:00:00+00,24.224999944369,14.100000381469727,33.20000076293945,68.33333333333333,39,98,1025.3083241780598,1024.300048828125,1027.199951171875,0.1458282470703125,-1,0.2749888102213542,-1.39990234375,0.8125000018626451,3,226.57500099142393,879.7000122070312,2,8,8,221,0
home,2023-08-10 00:00:00+00,25.899999698003132,18.399999618530273,34.29999923706055,63.125,32,87,1026.004165649414,1024.4000244140625,1028.9000244140625,0.2833353678385417,-2,0.5416717529296875,-1.89990234375,0.5601851865649223,3.8888888359069824,202.74999850988388,861.5,1.625,8,8,222,0
home,2023-08-11 00:00:00+00,23.91250006357829,16,31,61.625,35,92,1028.2833251953125,1026.800048828125,1028.9000244140625,0.0124969482421875,-1.199951171875,0.10833231608072917,-1.89990234375,0.673611115043362,5.333333492279053,217.93750113248825,854.5,1.9166666666666667,8,8,223,0
home,2023-08-12 00:00:00+00,24.02916677792867,16.100000381469727,32,62.208333333333336,36,87,1027.2416737874348,1025.5999755859375,1028.4000244140625,-0.2083282470703125,-1.5,-0.3666636149088542,-2.0999755859375,0.5590277739490072,3.0833332538604736,218.62500046317777,841.0999755859375,1.9583333333333333,8,8,224,0
home,2023-08-13 00:00:00+00,23.62499976158142,16,31.399999618530273,62.25,38,92,1025.0708338419597,1023.5,1027,-0.38333384195963544,-1.5,-0.7249984741210938,-2.4000244140625,0.5289351825291911,3,189.1791672234734,841.0999755859375,1.625,8,8,225,0
home,2023-08-14 00:00:00+00,22.62500007947286,14.800000190734863,29.399999618530273,55.166666666666664,36,80,1023.8208338419596,1022.9000244140625,1025.0999755859375,0.11250050862630208,-0.9000244140625,0.12083180745442708,-1.300048828125,0.6689814915880561,3.305555582046509,195.50000041350722,858.0999755859375,1.7083333333333333,8,8,226,0
home,2023-08-15 00:00:00+00,22.816666801770527,15,30.200000762939453,51.416666666666664,32,72,1024.3958333333333,1023.0999755859375,1025.199951171875,-0.033335367838541664,-1.20001220703125,-0.033335367838541664,-2,0.43287037623425323,2.4166667461395264,182.87500166893005,807.7000122070312,1.5833333333333333,7,8,227,0
home,2023-08-16 00:00:00+00,22.34583334128062,15.100000381469727,30,46.125,25,73,1024.0333353678386,1022.7999877929688,1024.5999755859375,-0.08333333333333333,-1,-0.15416463216145834,-1.60003662109375,0.21643518470227718,0.9722222089767456,140.0249988734722,757.4000244140625,1.125,7,8,228,0
home,2023-08-17 00:00:00+00,24.287499984105427,15.199999809265137,33.099998474121094,45.5,25,69,1022.3749974568685,1021,1023.7000122070312,-0.22500101725260416,-1.300048828125,-0.5041707356770834,-2.4000244140625,0.44444444744537276,2.9166667461395264,220.19166580835977,855,2,8,8,229,0
home,2023-08-18 00:00:00+00,24.458333333333332,16.5,32.20000076293945,57.916666666666664,30,79,1022.0750020345052,1021,1023.4000244140625,0.13750203450520834,-0.79998779296875,0.2416712443033854,-1,0.6157407394299904,2.4166667461395264,181.4958337942759,862.7999877929688,1.5416666666666667,8,8,230,0
home,2023-08-19 00:00:00+00,25.37083339691162,16.5,32.70000076293945,60.291666666666664,35,83,1025.0749944051106,1023,1027.4000244140625,0.4749959309895833,-0.4000244140625,1.012499491373698,-0.10003662109375,0.5798611094554266,2.694444417953491,189.37083355585733,862.7999877929688,1.5833333333333333,8,8,231,0
home,2023-08-20 00:00:00+00,26.829166491826374,18.299999237060547,34.599998474121094,59.916666666666664,34,86,1027.9375101725261,1026.5999755859375,1029.699951171875,0.2791748046875,-0.800048828125,0.5583343505859375,-1.300048828125,0.489583329608043,2.5,206.14583190282187,841.0999755859375,1.75,8,8,232,0
home,2023-08-21 00:00:00+00,26.825000206629436,19.299999237060547,35.900001525878906,57.458333333333336,33,78,1028.566670735677,1027.199951171875,1029.5,-0.11667378743489583,-1.300048828125,-0.1666717529296875,-1.7000732421875,0.40856482026477653,2.1111111640930176,188.30833462874094,842.9000244140625,1.625,8,8,233,0
home,2023-08-22 00:00:00+00,24.62083339691162,17.5,35.29999923706055,71.16666666666667,32,99,1026.7916717529297,1025.199951171875,1028,-0.3458302815755208,-1.5999755859375,-0.7541605631510416,-2.5999755859375,0.5277777823309103,2.5,191.4416664938132,842.4000244140625,1.6666666666666667,8,8,234,1
home,2023-08-23 00:00:00+00,22.91249990463257,16.100000381469727,36.099998474121094,77.58333333333333,31,99,1026.1875,1024.0999755859375,1028.800048828125,0.20416768391927084,-1.300048828125,0.45416259765625,-1.4000244140625,0.36574073880910873,1.5277777910232544,160.5583312511444,838.5,1.3333333333333333,8,8,235,0
home,2023-08-24 00:00:00+00,25.025000135103863,15.699999809265137,34.400001525878906,65.29166666666667,33,99,1025.6500040690105,1024.0999755859375,1026.9000244140625,-0.2666676839192708,-1.7000732421875,-0.5458323160807291,-2.2000732421875,0.5115740721424421,1.7777777910232544,196.25416612625122,845,1.7083333333333333,8,8,236,0
home,2023-08-25 00:00:00+00,24.266666730244953,16.899999618530273,31.200000762939453,65.16666666666667,42,90,1023.7416687011719,1022.5,1024.5999755859375,-0.15000152587890625,-1.0999755859375,-0.30833180745442706,-1.5999755859375,0.5208333286767205,2.5833332538604736,185.1333316961924,812.0999755859375,1.5416666666666667,7,8,237,1
home,2023-08-26 00:00:00+00,18.74166663487752,16.200000762939453,25.600000381469727,91.75,63,99,1022.0666681925455,1018.7999877929688,1023.9000244140625,-0.5541661580403646,-1.79998779296875,-0.9791692097981771,-2.60003662109375,0.15740740889062485,1.6944444179534912,95.75416791439056,612.9000244140625,0.7916666666666666,5,8,238,1
home,2023-08-27 00:00:00+00,15.082499837875366,12,17.050000190734863,71.025,45,99,1023.6274963378906,1016.7999877929688,1028.699951171875,1.254998779296875,-3,2.354998779296875,-3.89996337890625,1.0930555574595928,3,61.10500011444092,344,0.35,3,8,239,0
home,2023-08-28 00:00:00+00,16.800000150998432,10.5,22.600000381469727,49.875,35,74,1028.75,1027.800048828125,1029.699951171875,0.14583333333333334,-1,0.2833302815755208,-1,1.1840277770534158,3.6111111640930176,135.31666751702627,888.7999877929688,1.0833333333333333,8,8,240,0
home,2023-08-29 00:00:00+00,15.737499912579855,9.699999809265137,22.100000381469727,59.25,31,90,1028.3583221435547,1027.0999755859375,1029.300048828125,-0.041666666666666664,-1.199951171875,-0.07916259765625,-2,0.4004629583408435,2.194444417953491,127.45833214124043,906.0999755859375,1.0833333333333333,8,8,241,0
home,2023-08-30 00:00:00+00,15.762499849001566,8.5,21.899999618530273,71.83333333333333,50,97,1028.2041727701824,1026.699951171875,1030.5,0.21250406901041666,-2.300048828125,0.3208414713541667,-2.199951171875,0.5509259266157945,2.5833332538604736,152.6500008503596,670.2000122070312,1.25,6,8,242,0
home,2023-08-31 00:00:00+00,17.170833150545757,12,24.100000381469727,72.04166666666667,49,94,1032.2833302815754,1030.300048828125,1034.5,0.4958343505859375,-0.699951171875,0.9499918619791666,-0.9000244140625,0.5104166728754839,2.1111111640930176,144.94166707992554,862.2999877929688,1.1666666666666667,8,8,243,1
home,2023-09-01 00:00:00+00,17.4375,10.600000381469727,26.5,79.45833333333333,52,99,1032.6416575113933,1031,1034,-0.20000712076822916,-1.5999755859375,-0.304168701171875,-2.800048828125,0.42361111007630825,3.0833332538604736,160.72500000397363,842.4000244140625,1.2916666666666667,8,9,244,1
home,2023-09-02 00:00:00+00,15.081249992052713,11.600000381469727,21.200000762939453,91.14583333333333,66,99,1030.1625010172527,1026.5,1033.0999755859375,-0.5499979654947916,-6.4000244140625,-1.2291615804036458,-6.4000244140625,0.23553240889062485,1.3055555820465088,58.67291704813639,243.6999969482422,0.375,2,9,245,0
home,2023-09-03 00:00:00+00,19.32083324591319,13.800000190734863,26.600000381469727,75.58333333333333,52,92,1028.9583231608074,1027.800048828125,1030.4000244140625,0.08749898274739583,-2.5,0.3749949137369792,-2.2000732421875,0.32638889240721863,1.1111111640930176,88.28749970595042,565.7000122070312,0.5833333333333334,5,9,246,0
home,2023-09-04 00:00:00+00,22.23913043478261,16,29.100000381469727,54.47826086956522,30,79,1027.9565217391305,1026.5999755859375,1029,-0.11304241677989131,-0.9000244140625,-0.3173881199048913,-1.800048828125,0.45531401750834094,1.3055555820465088,148.3956528539243,647.5999755859375,1.1304347826086956,6,9,247,0
home,2023-09-05 00:00:00+00,21.512500127156574,14.600000381469727,29.200000762939453,58.291666666666664,32,84,1027.7291615804036,1026.300048828125,1028.9000244140625,0.0666656494140625,-1.4000244140625,0.09583028157552083,-2.199951171875,0.34953704196959734,1.3055555820465088,149.6791648864746,713.5999755859375,1.1666666666666667,6,9,248,0
home,2023-09-06 00:00:00+00,19.47499990463257,13.5,26.799999237060547,71.08333333333333,44,94,1028.254170735677,1026.9000244140625,1029,-0.045832316080729164,-1.5,-0.0041656494140625,-2.0999755859375,0.3449074138576786,1.5277777910232544,141.55833586057028,724.4000244140625,1.1666666666666667,7,9,249,0
home,2023-09-07 00:00:00+00,19.37083311875661,12.800000190734863,27.799999237060547,65.08333333333333,29,98,1027.7583312988281,1026.5999755859375,1028.699951171875,-0.0500030517578125,-1.0999755859375,-0.08333333333333333,-1.89990234375,0.30555556031564873,2.9166667461395264,151.97916662693024,857.5999755859375,1.3333333333333333,8,9,250,0
home,2023-09-08 00:00:00+00,18.733333230018616,11.100000381469727,26.700000762939453,64.45833333333333,38,88,1027.2333475748699,1026.199951171875,1028,-0.09999593098958333,-1.300048828125,-0.195831298828125,-1.60009765625,0.46296296330789727,1.9166666269302368,156.74166452884674,845.5,1.375,8,9,251,0
home,2023-09-09 00:00:00+00,19.233333309491474,9.800000190734863,28,58.291666666666664,30,89,1027,1026.199951171875,1028.4000244140625,0.020838419596354168,-1.39990234375,0.116668701171875,-1.0999755859375,0.3634259259949128,1.9166666269302368,149.09166769186655,838.5,1.2083333333333333,8,9,252,0
home,2023-09-10 00:00:00+00,20.570833404858906,13,28.600000381469727,63.958333333333336,35,84,1027.2541605631511,1026.4000244140625,1028.0999755859375,-0.025004069010416668,-1.0999755859375,-0.14583333333333334,-1.5999755859375,0.43981481343507767,1.7777777910232544,145.04166706403097,825,1.125,8,9,253,0
home,2023-09-11 00:00:00+00,20.270833253860474,13.5,27.299999237060547,62.875,28,89,1024.8291778564453,1023.7000122070312,1026.5,-0.3583323160807292,-1.9000244140625,-0.6666666666666666,-2.70001220703125,0.3217592556029558,1.3888888359069824,151.14166592558226,813.7999877929688,1.2083333333333333,7,9,254,0
home,2023-09-12 00:00:00+00,18.679166714350384,13,25.700000762939453,67.95833333333333,44,97,1024.6874923706055,1023.4000244140625,1026.5999755859375,0.22083028157552084,-0.800048828125,0.32916259765625,-1.60003662109375,0.46412037312984467,2.805555582046509,104.72499920924504,498.8999938964844,0.7916666666666666,4,9,255,0
home,2023-09-13 00:00:00+00,17.583333174387615,11,24.5,77.79166666666667,52,99,1027.4666697184246,1025.800048828125,1029.0999755859375,0.3458353678385417,-0.699951171875,0.7625020345052084,-0.7999267578125,0.6041666688397527,3.3888888359069824,152.34166783094406,925.7000122070312,1.25,8,9,256,0
home,2023-09-14 00:00:00+00,18.516666690508526,12.300000190734863,24.899999618530273,76.91666666666667,52,97,1027.1750081380208,1025.300048828125,1028.800048828125,-0.241668701171875,-1.4000244140625,-0.4833323160807292,-2.5999755859375,0.75,2.694444417953491,150.8791679739952,888.4000244140625,1.2083333333333333,8,9,257,1
home,2023-09-15 00:00:00+00,15.536363731731068,12.300000190734863,20.700000762939453,89.31818181818181,65,99,1023.7454612038352,1021.0999755859375,1026.199951171875,-0.5818148526278409,-2.10003662109375,-1.2181812633167615,-3.7000732421875,0.3106060597029599,2.5,56.04999962720004,248.5,0.4090909090909091,2,9,258,1
home,2023-09-16 00:00:00+00,18.00000007947286,12.899999618530273,23.600000381469727,84.66666666666667,60,99,1022.8249969482422,1021.4000244140625,1024.300048828125,0.1999969482421875,-1.5,0.3708292643229167,-1.29998779296875,0.3750000102445483,2.4166667461395264,130.20416633288065,707.0999755859375,1,6,9,259,1
home,2023-09-17 00:00:00+00,19.4916668732961,12.5,25,76,53,99,1023.2708333333334,1021.9000244140625,1025.5,0.012502034505208334,-1.79998779296875,-0.070831298828125,-1.5999755859375,0.665509266157945,3.972222328186035,109.30000185966492,421.20001220703125,0.8333333333333334,4,9,260,0
home,2023-09-18 00:00:00+00,16.258333285649616,11.100000381469727,21.799999237060547,83.20833333333333,53,99,1024.5791727701824,1022.5,1027.0999755859375,0.3499959309895833,-2.20001220703125,0.7791671752929688,-3,0.900462974794209,6.69444465637207,146.23750229676565,842.9000244140625,1.2083333333333333,8,9,261,0
home,2023-09-19 00:00:00+00,16.266666650772095,9.399999618530273,22.299999237060547,78.66666666666667,51,98,1026.1750030517578,1024.199951171875,1027.5,-0.3250020345052083,-1.300048828125,-0.4458363850911458,-2,0.4594907409821947,3.805555582046509,111.33749890327454,517,0.9583333333333334,5,9,262,1
home,2023-09-20 00:00:00+00,14.90416673819224,11.699999809265137,19.200000762939453,94.79166666666667,78,99,1020.1875050862631,1018.5,1023.4000244140625,-0.6833267211914062,-2.7999267578125,-1.4249954223632812,-4.0999755859375,0.23842592785755792,1.5277777910232544,64.68333408236504,310.1000061035156,0.4166666666666667,3,9,263,0
home,2023-09-21 00:00:00+00,15.170833349227905,10.399999618530273,21.5,79.04166666666667,42,99,1015.4875005086263,1013.7999877929688,1017.7999877929688,-0.43750254313151044,-1.9000244140625,-0.9416681925455729,-3,0.5543981585651636,2.9166667461395264,130.72916718324026,787.7000122070312,1,7,9,264,0
home,2023-09-22 00:00:00+00,13.395833412806192,8.300000190734863,18.399999618530273,77.16666666666667,53,99,1018.4749984741211,1015.4000244140625,1022.2999877929688,0.8291651407877604,-0.39996337890625,1.495831807454427,-0.29998779296875,0.6076388930281004,2.9166667461395264,128.77499985694885,779.9000244140625,1,7,9,265,0
home,2023-09-23 00:00:00+00,10.000000112196979,5.800000190734863,16.700000762939453,82.17647058823529,56,96,1026.4588156307445,1022.5999755859375,1029.4000244140625,1.2529476390165442,-0.0999755859375,2.6705860811121322,1,0.14705882352941177,0.9722222089767456,34.635294128866754,343.5,0.23529411764705882,3,9,266,0
home,2023-09-24 00:00:00+00,14.11250009139379,6.400000095367432,22.600000381469727,75.54166666666667,50,97,1028.566670735677,1027.300048828125,1029.699951171875,-0.08749898274739583,-1.199951171875,-0.09999593098958333,-2.2999267578125,0.3784722213943799,1.6944444179534912,126.75416711966197,760,1.0416666666666667,7,9,267,0
home,2023-09-25 00:00:00+00,16.525000015894573,8.699999809265137,24.700000762939453,74.41666666666667,47,97,1028.8666687011719,1027.800048828125,1029.800048828125,0.12082926432291667,-1,0.22916666666666666,-1.4000244140625,0.5185185158625245,2.5833332538604736,125.7624994913737,756.9000244140625,1.0416666666666667,7,9,268,0
home,2023-09-26 00:00:00+00,16.670833349227905,8.800000190734863,24.200000762939453,76.16666666666667,50,98,1028.4791717529297,1027.300048828125,1029.5,-0.0500030517578125,-1.0999755859375,-0.10000101725260417,-1.5,0.41550925963868696,1.9166666269302368,126.8624986410141,729.5999755859375,1.0416666666666667,7,9,269,0
home,2023-09-27 00:00:00+00,18.342857224600657,9.899999618530273,25.899999618530273,66.76190476190476,41,95,1027.6666666666667,1026,1028.9000244140625,-0.19047037760416666,-1.5,-0.5666620163690477,-2.5,0.3783068855603536,1.6111111640930176,140.2523828006926,727.9000244140625,1.1428571428571428,7,9,270,0
home,2023-10-02 00:00:00+00,20.08000005086263,13.699999809265137,25.200000762939453,77.06666666666666,58,97,1029.9466634114583,1028.9000244140625,1030.5,0.5200032552083333,-1.199951171875,1.2666666666666666,-0.89990234375,0.6074074109395345,2.194444417953491,116.20000114440919,455.3999938964844,0.9333333333333333,4,10,275,0
home,2023-10-03 00:00:00+00,15.177777820163303,12,22.5,89.77777777777777,71,98,1029.7888861762153,1029.0999755859375,1030.800048828125,0.022216796875,-1.2000732421875,-0.3111300998263889,-1.4000244140625,0.061728396349483065,0.3888888955116272,93.45555437935724,393.3999938964844,0.6666666666666666,3,10,276,0
home,2023-10-20 00:00:00+00,11.504210505569192,7.199999809265137,14.899999618530273,83.74736842105264,72,98,1012.4624548125685,1008.3368466025904,1016.0999755859375,-2.933333333333333,-21.89996337890625,-5.939994303385417,-20.863104569284587,0.7382066318601893,2.4166667461395264,105.42631407620614,556.5947233501233,0.8,5,10,293,0
home,2023-10-21 00:00:00+00,7.574999988079071,3.4000000953674316,13.699999809265137,88.33333333333333,69,99,1021.033332824707,1016.2000122070312,1025.0999755859375,1.1416676839192708,-0.29998779296875,2.4041671752929688,0.70001220703125,0.45717592413226765,2.194444417953491,87.49999981125195,466.70001220703125,0.6666666666666666,4,10,294,0
home,2023-10-22 00:00:00+00,9.412500003973642,3.5,15,80.04166666666667,52,98,1025.1291681925456,1023.2000122070312,1026.800048828125,-0.1708348592122396,-1.800048828125,-0.1416651407877604,-2.10009765625,0.22916666697710752,1.6111111640930176,82.64999842643738,546.0999755859375,0.5833333333333334,5,10,295,1
home,2023-10-23 00:00:00+00,13.895833412806192,9.600000381469727,18.5,84.16666666666667,65,99,1022.9708251953125,1021.0999755859375,1025.0999755859375,0.09166463216145833,-1.79998779296875,0.0958251953125,-3.0999755859375,0.4756944378217061,2,63.28749978542328,396,0.4166666666666667,3,10,296,0
home,2023-10-24 00:00:00+00,10.458333373069763,7,14.699999809265137,82.54166666666667,56,99,1023.7083307902018,1022.5999755859375,1024.9000244140625,-0.033330281575520836,-1.699951171875,-0.06666056315104167,-2.199951171875,0.722222225430111,2.277777671813965,59.0458345413208,399.1000061035156,0.375,3,10,297,0
home,2023-10-25 00:00:00+00,6.3,5.5,7.5,94.2,88,98,1022.8800048828125,1022.5999755859375,1023.4000244140625,-0.80001220703125,-1.10003662109375,-1.5199951171875,-2.300048828125,0.3388888955116272,0.8055555820465088,0,0,0,0,10,298,1
home,2023-11-02 00:00:00+00,7.872084793370919,3.0999999046325684,10.97857141494751,86.27660964529493,74.71428571428571,99,1009.0973664062193,1007.1478191873301,1011.0999755859375,-2.477435459234774,-12.456345249229798,-5.4048735590721355,-15.552193019701122,0.948659559866671,1.6340155866846704,32.44594841681911,157.66842109278628,0.15060761211049672,0.9736842105263158,11,306,0
home,2023-11-03 00:00:00+00,6.199154860079019,1.199999988079071,10.166666984558105,70.02506635876202,51.2,95,1012.3272524190554,1008.9749984741211,1015.9000040690104,0.709197215544869,-2.6249974568685275,1.6003370520249873,-1.2799947102864735,1.3601493144024897,3.245370328426361,51.11662670123451,265.43333435058594,0.33526570048309173,2.1,11,307,1
home,2023-11-04 00:00:00+00,7.862286974451846,2.4000000953674316,11,90.97017850483323,67.75,99,1010.1375064061843,1006.9000040690104,1014.9000244140625,-1.0468248639787947,-2.857580936316367,-2.270199152856749,-4.838102794828956,0.7421746047504367,1.748792254406473,41.10252672501355,240.44705918255974,0.2340687634805282,1.7647058823529411,11,308,0
home,2023-11-06 00:00:00+00,7.329040408774157,1.1666666467984517,11.766666412353516,78.56827651515152,64.9090909090909,94,1030.2770400326663,1028.6499837239583,1032.933349609375,4.5432303746541365,-0.489982096354197,9.139656294486379,0.16180752840909918,0.9674089053262384,3.300925930341085,90.45202135845567,313.6666615804036,0.6328125,2.6666666666666665,11,310,0
home,2023-11-07 00:00:00+00,3.647938820966532,-1.3727272857319226,10.550000190734863,82.84534632034632,55,97,1034.259312702586,1032.800048828125,1035.699951171875,0.3856053207859883,-1.683349609375,0.8890921544547051,-1.824920654296875,0.6179850467984681,2.4027777910232544,65.03708088224836,335.6666564941406,0.4772727272727273,3,11,311,0
home,2023-11-08 00:00:00+00,4.2280158199488165,-1.1249999850988388,10.939999961853028,84.5484126984127,63.8,97,1034.7582188197546,1030.9000244140625,1036.9666748046875,-0.5321398538256484,-1.92498779296875,-0.7970602368551616,-3.2999267578125,0.5530864232116275,2.5,58.494087162661174,315.1,0.4349206349206349,2.8,11,312,1
home,2023-11-09 00:00:00+00,6.675101210702033,3.299999952316284,11.171428407941546,94.44107142857142,82.14285714285714,99,1028.3023976970856,1027.2142682756696,1029.1499633789062,-0.43658355712890395,-3.36669921875,-1.0665899658203102,-4.7000732421875,0.3369287361319931,1.240740733842055,58.423532621519904,226.55713653564453,0.3455357142857143,1.7142857142857142,11,313,0
home,2023-11-10 00:00:00+00,7.763291673660278,3.1500000953674316,12.899999618530273,82.34166666666667,64.6,99,1026.3886723327637,1025.0999755859375,1027.9500122070312,-0.17591949462890852,-3.224945068359375,-0.46387252807617185,-3.34991455078125,0.7332407406562318,3.222222328186035,65.48016735653083,264.6000061035156,0.425,2,11,314,0
home,2023-11-11 00:00:00+00,8.324912287477861,3.3333333333333335,14.600000063578287,88.51228070175438,68,99,1026.292281301398,1025.4000244140625,1027.0333251953125,-0.2956146775630522,-1.5999755859375,-0.3670629133258013,-1.85003662109375,0.2700292396179417,1.1111111243565877,72.24649136254662,320.8333282470703,0.5192982456140351,3,11,315,1
home,2023-11-12 00:00:00+00,12.262727309236624,6.900000095367432,17.933333079020183,80.55454545454545,62,99,1031.535454120058,1027.2666829427083,1035.4500122070312,1.8499996609158036,0.74993896484375,3.2066613091362948,0.6166585286457575,0.7802118417948033,2.5833332538604736,76.49979860614046,371.26666259765625,0.5060606060606061,3,11,316,0
home,2023-11-13 00:00:00+00,11.36013778516822,5.166666507720947,18.799999237060547,86.77844611528823,61,99,1035.2921362090528,1034.3000081380208,1036.9000244140625,0.2798261140522204,-1.059967041015625,0.6907335247909774,-0.5,0.16642300272197055,1.1111110895872116,59.093508978161886,278.36000061035156,0.41842105263157897,2.2,11,317,0
home,2023-11-14 00:00:00+00,12.886764716167075,7.599999904632568,19.899999618530273,85.48039215686275,63,98.5,1034.5134242637487,1032.566650390625,1036.1499633789062,-0.37039292279412034,-2.1333821614582575,-0.8757209329044144,-3.58331298828125,0.6683551214489282,2.1944444105029106,84.51421570777893,373.8999938964844,0.6470588235294118,3,11,318,1
home,2023-11-15 00:00:00+00,9.162280746928431,6,12.550000190734863,95.51140350877192,89.33333333333333,99,1036.8820599472315,1035.199951171875,1037.5499877929688,0.3085963199013182,-1.25,0.9553119860197392,-1.199951171875,0.16574074301149763,0.8055555820465088,39.854210383431955,217.4499969482422,0.13157894736842105,1.5,11,319,0
home,2023-11-16 00:00:00+00,9.476754464601216,6.400000095367432,15.300000190734863,95.48684210526316,81,99,1034.4785102710389,1033.199951171875,1035.9000244140625,-0.15964226973684212,-2.933349609375,-0.5431968287417763,-3.370849609375,0.1122076029382777,0.7222222089767456,44.711403723348646,278.1000061035156,0.2543859649122807,2,11,320,0
home,2023-11-17 00:00:00+00,8.848750000198683,5.300000190734863,12.700000127156576,91.57083333333333,79.66666666666667,99,1036.388128789266,1035,1038.5,0.4854075113932339,-0.9000244140625,0.9104118347167969,-0.4000244140625,0.29476273208080483,1.5277777910232544,39.459687383069344,237.1000010172526,0.25,2,11,321,0
home,2023-11-18 00:00:00+00,9.914705874873144,4.199999809265137,17.299999237060547,86.8529411764706,63,99,1038.2539158241423,1037.4500122070312,1038.9000244140625,-0.03039431104473485,-1.0999755859375,0.20930570714613972,-1.2667236328125,0.0563725505535509,0.425925945242246,69.94362804001452,313.56667073567706,0.5098039215686274,2.3333333333333335,11,322,0
home,2023-11-19 00:00:00+00,11.108888965182835,5.25,20.299999872843426,79.66111111111111,47.666666666666664,94,1036.4561123318142,1035.5,1037.800048828125,-0.4055555555555505,-1.9000244140625,-0.9066650390625,-1.74993896484375,0.31095678806304927,1.3240740497907002,78.85111299620735,339.20001220703125,0.6,3,11,323,0
home,2023-11-20 00:00:00+00,9.872801065044243,4.514285700661795,16.399999618530273,84.0778711484594,64,96,1031.2507229161197,1028.699951171875,1034.199951171875,-1.2107819201899555,-2.5,-2.3055887858072843,-3.7833251953125,0.2371459716967508,1.6111111640930176,65.95211452186442,315.46665445963544,0.4901960784313726,3,11,324,0
home,2023-11-21 00:00:00+00,10.054870129732516,6.525000095367432,13.1,52.37406204906206,43,65,1026.9352310951308,1025.8125305175781,1028.4000244140625,-0.17539614722842262,-3.5333251953125,-0.49507543170263835,-4.1666666666667425,1.7093624846243758,3.305555582046509,67.5428281993233,287.56666056315106,0.4841269841269841,2.3333333333333335,11,325,0
home,2023-11-22 00:00:00+00,8.75522553087177,2.3600000858306887,13.099999904632568,47.4124060150376,37,61.5,1029.9831771965312,1026.300048828125,1033.1399658203125,0.7537958360256102,-2.0999755859375,1.4230950453526428,-1.0999348958332575,1.3567530070209788,3.222222328186035,62.4635964694776,371.75,0.4342105263157895,3,11,326,0
home,2023-11-23 00:00:00+00,5.211138326439651,-1.100000023841858,13.966666539510092,62.86051587301587,42,78,1033.3991957952107,1031.699951171875,1035.199986049107,-0.13055341811407573,-2.3110792371962816,0.04006997971306703,-2.799957275390625,0.45079020595118874,0.8888888955116272,73.67546523989047,319.20001220703125,0.5595238095238095,3,11,327,0
home,2023-11-24 00:00:00+00,10.104970762325308,2.449999988079071,17.900000254313152,54.578947368421055,30,71,1027.216112674468,1025.4500122070312,1029.7749938964844,-1.0315755208333293,-2.9554985894096717,-2.137540261787272,-4.335527886284581,0.790724497249252,2.5,25.223245790827345,89.75,0.039473684210526314,0.5,11,328,0
home,2023-11-25 00:00:00+00,4.51166672197481,0.6500000059604645,11.5,73.1875,54,91,1027.4158302307128,1024.7666422526042,1029.9000244140625,0.8010406494140625,-0.7333577473957575,1.4218711853027344,-1.1666259765625,0.3627893519587815,0.847222238779068,29.451666525999705,263.5,0.1875,2,11,329,0
home,2023-11-26 00:00:00+00,4.314791683139223,0.6000000238418579,10.349999904632568,87.29534090909091,69.5,96,1029.1717699640446,1028.25,1030.1363636363637,-0.13812408447265626,-1.5999755859375,-0.1591250610351608,-1.8863636363637397,0.3671633010504372,1.6111111640930176,47.27707539876302,244.73333231608072,0.30833333333333335,2,11,330,0
home,2023-11-27 00:00:00+00,5.192647085470312,0.9333333571751913,12.100000381469727,82.69117647058823,46,94.33333333333333,1023.9857800053617,1020.5,1026.5999755859375,-1.351226806640625,-4.125030517578125,-2.5706334731158034,-4.375,0.2186819171058197,1.3240740696589153,51.91813786824544,359.20001220703125,0.38235294117647056,3,11,331,0
home,2023-11-28 00:00:00+00,5.713666614426506,1.200000007947286,12.399999618530273,75.30555555555556,53.5,95.66666666666667,1021.1054431152344,1019.7333374023438,1022.7666625976562,0.248333740234375,-1.86663818359375,0.15833333333333333,-2.116668701171875,0.6084567956791983,1.6527777910232544,64.71088832537333,321.3999938964844,0.5266666666666667,3,11,332,1
home,2023-11-29 00:00:00+00,6.578104629294545,-0.32000000327825545,11.233333269755045,86.72058823529412,70.6,99,1020.4823520635466,1018.0500183105469,1022.4500122070312,-0.687743342779821,-2.4799763997395985,-1.0495103823593246,-2.8700042724609602,0.22214052453150157,0.9629629850387573,62.640686468049594,395.40000915527344,0.3862745098039216,3.5,11,333,1
home,2023-11-30 00:00:00+00,11.808375552136244,8.300000190734863,14.900000095367432,84.80924576631098,69,99,1015.931874127632,1014.6999918619791,1017.9000244140625,-0.5590778813810402,-1.8666720920139142,-1.236866351368252,-3.0500030517578125,0.6794426531153415,2.4166667461395264,46.90413863105907,213.3499984741211,0.275,1.5,11,334,1
home,2023-12-01 00:00:00+00,7.0838876153420065,1.9749999940395355,10.275000095367432,98.98720975993704,98.80952380952381,99,1012.6019892475367,1010.8075480910967,1016.1999969482422,0.11198580878756688,-2.198438439002416,-0.10305347485430874,-2.80512469504788,0.6138847490540831,1.9743589621323805,10.254737535584374,50.486841804102845,0,0,12,335,1
home,2023-12-02 00:00:00+00,2.7680321936863543,-1.400000015894572,9.333333333333334,74.06379164313948,43.2,99,1024.548957345375,1017.2000122070312,1029.7666829427083,1.816719134155011,0.6142665318079708,3.8284634416454337,1.706697591145712,0.7570194733278458,2.844444489479065,49.653752594273044,304.6666717529297,0.3159420289855072,2.6666666666666665,12,336,0
home,2023-12-03 00:00:00+00,0.791891235293603,-4.187500059604645,7.6250001192092896,74.74311688311687,50,88.2,1031.928956339122,1030.1499633789062,1033.3333740234375,0.17674810500373042,-1.4262201218377868,0.6459693935113705,-2.083343505859375,0.3115665578613969,1.0555555373430252,65.06221807242021,311.84999084472656,0.4458333333333333,2.5,12,337,0
home,2023-12-04 00:00:00+00,3.2058874779411766,-0.2500000074505806,8.650000095367432,83.80898268398268,68,98,1026.256027745719,1024.5,1028.7000122070312,-0.571667387991242,-2.850006103515625,-1.3221329395905224,-4.242850167410779,0.5854377107073864,3,51.07272684935367,279.75,0.30303030303030304,2,12,338,0
home,2023-12-05 00:00:00+00,2.0402420573616546,-0.666666673289405,7.122222264607747,86.09202380952381,70,97.77777777777777,1028.398129347544,1026.699951171875,1029.1749877929688,0.34508819580078126,-0.41497802734375,0.7363729010687962,-0.433349609375,0.3570392396321727,2.0154320995012918,57.24924592679455,247.87777709960938,0.4166666666666667,2,12,339,0
home,2023-12-06 00:00:00+00,2.3313265155986773,-1.449999988079071,8.733333269755045,85.26073318216176,66.33333333333333,98,1029.1118734139163,1027.0285818917412,1031.4000244140625,0.34634835379464285,-1.8381173270088311,0.5676520292090356,-2.07501220703125,0.27647287793913666,1.100000011920929,56.34776240211495,261.3399963378906,0.3523809523809524,2,12,340,0
home,2023-12-07 00:00:00+00,5.490607151076908,-1.7999999523162842,11.574999809265137,78.50630952380952,51,98,1028.5110705711727,1023.7857142857143,1031.199951171875,-0.9304664829799038,-2.930980864025173,-1.4203364780970957,-4.042864118303555,0.09442129608243702,0.8472222089767456,49.53155910185406,219.4499969482422,0.3158333333333333,2,12,341,1
home,2023-12-08 00:00:00+00,6.263618175338843,1.25,12.46666685740153,76.1537037037037,46.5,99,1026.7999780695714,1024.3599853515625,1031.4000244140625,0.9995939708891292,-1.679968261718841,1.2795968191964182,-3.699951171875,0.6310525054146892,1.6555555745959283,37.37018871103755,188.96666971842447,0.2056878306878307,1.6666666666666667,12,342,0
home,2023-12-09 00:00:00+00,4.60058822968573,0.5,9.199999809265137,81.66470588235293,59,93.5,1031.9657894358916,1030.9000244140625,1032.5499877929688,0.246271829044123,-1.574981689453125,0.7472505457261136,-1.199951171875,0.49564270139763167,1.444444477558136,33.5598040749045,210.3000030517578,0.20588235294117646,2,12,343,0
home,2023-12-10 00:00:00+00,6.116499957243602,3.200000047683716,12.799999872843424,85.54333333333334,64.33333333333333,94,1034.460326538086,1034.0999755859375,1034.9000244140625,0.5829919433593659,-0.350067138671875,1.423993530273424,-0.25006103515625,0.2416666657974323,0.777777761220932,5.566666711171469,42.56666692097982,0,0,12,344,0
home,2023-12-11 00:00:00+00,7.092261856155736,3,13.366666475931803,88.32738095238095,68.66666666666667,99,1032.2721098945253,1030.8000081380208,1033.4000244140625,-0.32967567443847656,-2.6000162760417425,-0.8234214782714844,-2.7000732421875,0.055844906717538834,0.652777761220932,51.964137191839875,235.0500030517578,0.25,2,12,345,1
home,2023-12-12 00:00:00+00,8.449494043986004,3.799999952316284,13.328571319580078,84.87470238095239,69.5,98,1027.7885965983073,1024.0999755859375,1030.5,-1.378445816040042,-3.5,-2.441994857788089,-4.225067138671875,0.5351603870025081,1.2129629850387573,32.515848232876685,137.72857012067522,0.14211309523809523,1,12,346,0
home,2023-12-13 00:00:00+00,6.987011915856883,3.2666666507720947,9.399999618530273,82.56761904761905,53,96,1023.0077093178886,1022.1999947684152,1024.566650390625,-0.12641510009765397,-2.85003662109375,-0.5380812072753883,-3.7599853515624773,1.430266204427573,4.527777671813965,33.026916773943675,245.82000122070312,0.15,2,12,347,0
home,2023-12-14 00:00:00+00,7.474530031657158,3.2666666507720947,10.649999618530273,40.03790726817042,27.5,57.666666666666664,1032.198595893114,1026.300048828125,1038.1333414713542,2.0575797862576395,0.35003662109375,3.9312715458690706,2.45001220703125,2.234318431793598,4.916666507720947,49.77719326029744,284.1000061035156,0.34210526315789475,2,12,348,0
home,2023-12-15 00:00:00+00,4.800260424489776,0.5,12.599999904632568,66.15364583333334,50,78,1042.5603056589762,1040,1044.5,1.2831807817731544,-0.34991455078125,2.8156697954450323,1.0200683593750455,0.6496383119995395,1.0416666865348816,59.29625012874603,296.20001220703125,0.375,2,12,349,0
home,2023-12-16 00:00:00+00,2.5348039420285065,-2.25,11,67.58823529411765,36,88.75,1046.2695976706111,1045,1047.2666422526042,0.4852965111826025,-1.54998779296875,0.9929445752910557,-0.79998779296875,0.43967864596668416,0.9722222089767456,49.45343065963072,275.3999938964844,0.2647058823529412,2,12,350,0
home,2023-12-17 00:00:00+00,4.589074113302761,-1.2999999523162842,14.625000238418579,55.98055555555555,30.75,77.33333333333333,1047.487582397461,1046.6500244140625,1048.1666666666667,0.12259159794559259,-1.5166422526042425,0.28879484953702356,-0.9667154947917425,0.33155864089451453,0.5740740696589152,47.58972134369391,283.29998779296875,0.287037037037037,2,12,351,0
home,2023-12-18 00:00:00+00,3.9805555848611727,-0.2666666731238365,13.100000381469727,63.76111111111111,41,72,1045.3694274902343,1043.800048828125,1046.5999755859375,-0.724881591796869,-1.9000244140625,-1.2943307834201279,-1.9000244140625,0.53611110639241,0.8888888955116272,45.71777764426337,275,0.3333333333333333,2,12,352,0
home,2023-12-19 00:00:00+00,6.382107831245544,0.6666666666666666,14.900000095367432,62.93627450980392,41.5,72.66666666666667,1038.8789239023247,1035.5999755859375,1042.2749938964844,-1.423531924977022,-3.4500274658203125,-2.717638801125919,-4.3499298095703125,0.4391339853880744,0.6527777910232544,47.54313698703168,264.09999084472656,0.3088235294117647,2,12,353,0
home,2023-12-20 00:00:00+00,7.066875003278255,2.5166666507720947,12.849999904632568,46.53333333333333,26.5,68.83333333333333,1033.2310417175293,1032.1499633789062,1034.25,-0.38021087646484375,-4.5166829427082575,-1.0791759490966797,-5.2166951497395075,0.984317141181479,2.805555582046509,23.533124864225588,200.3499984741211,0.10625,1.5,12,354,0
home,2023-12-21 00:00:00+00,8.438020919760069,2.674999952316284,13.100000063578287,58.68750000000001,30,75.5,1033.6515534718833,1033.0999755859375,1034.5999755859375,-0.08646138509115531,-1.300048828125,-0.1531270345052178,-1.300048828125,0.5785590255012115,1.4722222089767456,24.38229177395503,153.5,0.0625,1,12,355,0
home,2023-12-22 00:00:00+00,13.362447869280974,8,16.300000190734863,37.38333333333333,22.5,48.5,1033.463301531474,1030.800048828125,1035.25,0.26667149861654593,-2.89990234375,0.4260571797688897,-2.699951171875,1.682045715333273,4.319444417953491,28.814166551828386,232.25,0.125,1.5,12,356,0
home,2023-12-23 00:00:00+00,4.054166608041635,-1.600000023841858,11.899999618530273,77.69907407407408,55,97,1035.6722225613064,1034.800048828125,1036.5,0.2203696922019718,-1.449951171875,0.5231345847800968,-1.0999755859375,0.30799897097878987,0.5902777761220932,59.12268461562969,287.1000061035156,0.40740740740740744,2,12,357,0
home,2023-12-24 00:00:00+00,5.583205106930854,0.5,14.199999809265137,54.51025641025642,34.5,65,1035.4597463754508,1034.5,1036.5,-0.18012961363181673,-1.933349609375,-0.38961259890825556,-1.8499755859375,0.5256766382604838,0.8888888955116272,55.133333420142144,263.6999969482422,0.37179487179487175,2,12,358,0
home,2023-12-25 00:00:00+00,6.664285700552824,0,16.00000023841858,50.35289115646259,30.5,64,1034.471691313244,1033.3500366210938,1035.5,-0.2732086181640625,-1.52496337890625,-0.5480664934430836,-1.971435546875,0.49638605286322895,0.8888888955116272,73.58647791706787,260.24999237060547,0.4523809523809524,2,12,359,0
home,2023-12-26 00:00:00+00,5.576428539790805,0.20000000298023224,15.199999809265137,54.23412698412699,32,66,1035.324651179238,1033.9500122070312,1036.4000244140625,0.4071437290736607,-1.300048828125,0.8176029750279018,6.781684032830526e-05,0.4228835951950815,0.8055555820465088,57.753571648067904,229,0.46031746031746035,2,12,360,0
home,2023-12-27 00:00:00+00,4.309603101535449,-0.6142857245036534,15.349999904632568,49.31931216931217,23,61,1035.9708157009547,1035.199951171875,1036.9000244140625,0.055556233723958334,-1.7000732421875,0.0709214952256995,-0.685791015625,0.5485559978635696,1.631944477558136,44.294047432854065,228.75,0.26666666666666666,2,12,361,0
home,2023-12-28 00:00:00+00,4.587566089042753,-0.3333333432674408,11.099999904632568,58.5410052910053,51,62.333333333333336,1036.3694437985696,1035.3499755859375,1037.5999755859375,-0.06825692313058578,-1.9000244140625,0.03837940680285909,-1.79998779296875,0.36079879265731923,0.6944444477558136,38.55575352465665,153.5,0.1111111111111111,1,12,362,0
home,2023-12-29 00:00:00+00,5.494322622736083,1.5,10.399999618530273,62.73573975044563,44,81,1033.6502555207985,1032.800048828125,1035,-0.48851718421743123,-2.021405901227581,-0.9909693613773577,-2.7600585937500455,0.3631659708253096,0.8472222089767456,24.17673803404266,119.5999984741211,0.058823529411764705,1,12,363,0
home,2023-12-30 00:00:00+00,4.582017576877486,0,12.875000238418579,79.19736842105263,53.75,92.66666666666667,1031.333332262541,1029.1999918619792,1033.300048828125,-0.6087732147752113,-2.85003662109375,-1.1368451034813436,-3.300048828125,0.4260477589998851,1.3888888359069824,56.903508119415825,284.8999938964844,0.39473684210526316,2,12,364,0
home,2023-12-31 00:00:00+00,4.930877198984748,1.0499999821186066,11.199999809265137,82.64473684210526,62,93,1027.123846542626,1025.199951171875,1029.5999755859375,-0.020178008497814995,-2.9000244140625,-0.37280701754386764,-3.566650390625,0.7180555633808438,3.6111111640930176,31.661316417079224,212.10000610351562,0.10526315789473684,2,12,365,0
home,2024-01-01 00:00:00+00,2.8607142534816545,-0.75,9.399999618530273,88.17857142857143,68,98,1031.3148956298826,1029.800048828125,1032.6000162760417,0.628582182384678,-1.4000244140625,1.5166785830543208,-0.174957275390625,0.3371362418291115,1.6944444179534912,51.430953332710835,329.20001220703125,0.32142857142857145,3,1,1,0
home,2024-01-02 00:00:00+00,2.843371204015884,-1,8.399999618530273,81.60795454545453,58,98,1029.238447709517,1027.0999755859375,1031,-0.5587172074751421,-2.7000732421875,-1.0753816546815953,-3.35003662109375,0.5153619560949279,2.1527777910232544,28.369886194101788,130.54999923706055,0.11363636363636363,1,1,2,0
home,2024-01-03 00:00:00+00,6.918148145852266,2.0999999046325684,13.5,86.7175925925926,66,97.5,1028.2286089861834,1026.75,1030,0.22453760217736848,-2.449951171875,0.274902456778073,-1.8166707356770075,0.668441357380814,1.7569444701075554,68.16435222493277,287.5500030517578,0.5092592592592593,2,1,3,0
home,2024-01-04 00:00:00+00,4.336805598913796,-0.23333333929379782,9.099999904632568,90.4236111111111,79,99,1028.3479131062825,1024.366678873698,1030.316670735677,-1.1673575507269902,-4.774993896484375,-1.1818018595377566,-5.949991861979015,0.503858025185764,1.4999999850988388,51.58819391495651,303.46666463216144,0.3194444444444445,2.3333333333333335,1,4,1
home,2024-01-05 00:00:00+00,4.188737365898298,2,6.400000095367432,98.52853110941346,93,99,1017.0960246342751,1015.1999947684152,1019.7999877929688,-1.0049237127803239,-6.63336181640625,-2.475896787131386,-10.73333740234375,0.2652721520496492,1.5277777910232544,23.271476621355767,104.92857251848493,0.06684491978609625,0.5714285714285714,1,5,0
home,2024-01-06 00:00:00+00,4.906201316551729,2.200000047683716,7.762500107288361,47.754924242424245,37,68,1020.8091653188071,1017.2000122070312,1022.8249969482422,0.637122624504989,-0.86663818359375,1.3122645387441905,-0.5882245232077139,1.78852438597065,3.2291666865348816,54.99099083404537,269.5142936706543,0.3678571428571428,2.142857142857143,1,6,0
home,2024-01-07 00:00:00+00,3.7495472374244514,2.299999952316284,5.7,36.54188311688312,27.5,49.5,1023.5002848241238,1022.0999755859375,1024.5399780273438,0.26704268022017047,-0.70001220703125,0.5013163182642508,-0.7250213623046875,2.717571557697022,5.666666574776173,51.803737727861204,276.3400054931641,0.33712121212121215,2,1,7,0
home,2024-01-08 00:00:00+00,0.9215533028350397,-4.400000095367432,5.899999936421712,44.90884353741497,28.333333333333332,66,1026.9105213398839,1024.300048828125,1029.7999877929688,0.7859508696056504,-0.41666666666674246,1.4046962885088956,-0.11993408203125,0.976221974463521,2.555555502573649,55.73486363234974,295.2857099260603,0.35090702947845803,2.2857142857142856,1,8,0
home,2024-01-09 00:00:00+00,0.05751873917806743,-5.719999980926514,6.100000063578288,58.18498275603539,37,74.33333333333333,1030.6053569272606,1029.5999755859375,1031.5999755859375,0.2733378092447967,-1,0.5694880571314924,-0.9800211588542425,0.39891694450650683,1.7777777910232544,70.1983815126216,318.29998779296875,0.5092592592592592,3,1,9,1
home,2024-01-10 00:00:00+00,0.104630000180934,-1.2666666507720947,1.2000000476837158,86.06275861644284,68,99,1028.3566084598672,1026.2666829427083,1030.9000244140625,-0.7276686604817769,-4.206102775804993,-1.3508907271876638,-4.420019531250091,0.02186181998107388,0.1111111119389534,13.178882025158282,48.599998474121094,0,0,1,10,1
home,2024-01-11 00:00:00+00,1.7962690465479578,0.027777778191698924,5.614285605294364,96.82766439909297,83.57142857142857,99,1029.4542526491514,1026.8500366210938,1032.5999755859375,0.8249188135540689,-0.8892822265625,1.508062376432441,0.23331705729151508,0.15928130375555044,1.3690475991794042,38.38733813802612,181.6500015258789,0.2009637188208617,1,1,11,0
home,2024-01-12 00:00:00+00,1.6449206436555535,-2.625,8.533333460489908,91.77777777777776,74,99,1033.572976103283,1032.699951171875,1034.5,0.206193033854171,-1.6000569661457575,0.5751659574962863,-1.800048828125,0.16258818401940284,0.75,57.63055533927585,297.4250030517578,0.39285714285714285,2.25,1,12,0
home,2024-01-13 00:00:00+00,2.519107176540863,-2.5249999165534973,10.100000381469727,80.91071428571429,56,91,1031.8549997238886,1029.1500244140625,1033.75,-0.57249755859375,-1.99993896484375,-1.007501220703125,-2.4500034877232792,0.09409722362955411,0.4027777910232544,62.21625021696091,334,0.45,3,1,13,0
home,2024-01-14 00:00:00+00,5.6839583240449425,1.899999976158142,11.549999952316284,83.2359375,65.5,96,1024.6063114166259,1022.9000040690104,1026.9000244140625,-1.2500038146972656,-3.5999755859375,-2.697084490458167,-4.199951171875,0.19728009167204918,0.9944444179534913,30.668229445815086,143.06666564941406,0.13541666666666666,1,1,14,0
home,2024-01-15 00:00:00+00,5.549312166286209,0.6749999970197678,10.800000190734863,90.52777777777779,75,99,1021.3319529457699,1019.4666544596354,1022.7999877929688,-0.12777777777777524,-1.7666422526041288,-0.46481724491825893,-2.3833516438802462,0.28435479146896525,1.2000000119209289,54.69814814461602,340.5,0.3055555555555556,3,1,15,1
home,2024-01-16 00:00:00+00,7.53493001698112,1.6400000333786011,12.349999904632568,89.97254901960785,69.5,99,1021.4567659009404,1020.0333251953125,1023.0999755859375,-0.3398048208541227,-2.299957275390625,-0.29803858310902553,-2.499969482421875,0.40101929697043753,1.0416666865348816,53.90294209648581,319.70001220703125,0.38235294117647056,3,1,16,1
home,2024-01-17 00:00:00+00,9.087186912382686,7.400000095367432,10.030000019073487,88.06586543660701,72.25,99,1014.3324726096995,1011.0142865862165,1020.0399780273438,-0.6787494477771597,-3.6732991536458712,-1.6368230744013725,-4.740014648437523,1.0168070105312983,2.583333432674408,13.336977225225821,54.33214289801462,0.004464285714285714,0.10714285714285714,1,17,0
home,2024-01-18 00:00:00+00,10.183600180506879,5.450000047683716,13.199999809265137,63.866738816738824,49.666666666666664,82,1017.9031485377279,1015.7000122070312,1020.5,0.7098464965820312,-0.9999949137369413,1.488976471145432,-0.3888838026258554,1.2473965848810853,2.6666666666666665,62.63813165366047,321.40000915527344,0.41666666666666663,3,1,18,1
home,2024-01-19 00:00:00+00,3.276324441269906,1.75,4.5,97.60274599542335,88,99,1022.3106167068314,1020.0333455403646,1025.25,0.574995993165707,-1.3595919773496234,1.0953607987001641,-1.2909159359559226,0.05737573530571621,0.5,10.210732512884222,56.11111145019531,0,0,1,19,0
home,2024-01-20 00:00:00+00,1.1560885239859913,-2.6333332856496177,7.150000095367432,89.73106060606061,60.25,99,1034.1682502450492,1025.199951171875,1038.8666585286458,1.904627000945249,0.1611395941840783,3.900509794106571,1.1466186523437045,0.2772376565055714,1.6180555820465088,59.13399003593609,301.6999969482422,0.41818181818181815,2.5,1,20,0
home,2024-01-21 00:00:00+00,0.49379700437225493,-4.049999952316284,7.900000095367432,89.63523391812865,69,99,1040.9405583737787,1038.699951171875,1042.3428431919642,0.49070134748492483,-1.1428920200892208,1.1396861599800177,-0.65008544921875,0.16861598318911086,0.9444444378217062,73.75592105731106,293.0999946594238,0.5701754385964912,2.5,1,21,0
home,2024-01-22 00:00:00+00,4.3957274913689295,-2.4000000953674316,11.524999856948853,75.53029100529099,54.4,87.5,1030.4049227679218,1026.360009765625,1040.0999755859375,-2.114587571885851,-12.85003662109375,-4.451565527537493,-14.800048828125,0.4144032914225978,1.349999988079071,63.54269899911982,334.3000061035156,0.4907407407407407,3,1,22,0
home,2024-01-23 00:00:00+00,7.075154048154334,2.3800000190734862,14.199999809265137,81.7125350140056,59,89.5,1031.6337565788035,1029.75,1033.4000244140625,0.7330959544462317,-1.34991455078125,1.5036822749119063,0.23001708984384095,0.4421043419620904,0.9722222089767456,88.40616275929436,413.70001220703125,0.7142857142857143,4,1,23,0
home,2024-01-24 00:00:00+00,10.361791430417101,4.800000190734863,19.700000762939453,77.48072562358276,52,90,1032.1913176729024,1031.0999755859375,1033.2999877929688,-0.23333594912574404,-1.7667236328125,-0.2791548748405581,-1.9000244140625,0.20392416098288127,0.7222222089767456,65.43888877876222,343.96666463216144,0.4603174603174603,2.6666666666666665,1,24,0
home,2024-01-25 00:00:00+00,10.938577354919342,5.400000095367432,20.300000190734863,69.5827380952381,45.5,85.33333333333333,1028.9816151500886,1027.7000122070312,1030.199951171875,-0.3736902872721316,-2.1500244140625,-0.8752019973028269,-2.7599365234375455,0.45584325025833794,0.9722222089767456,62.02125065922737,316.8500061035156,0.45,2.5,1,25,0
home,2024-01-26 00:00:00+00,9.869166598220666,3.540000009536743,19.299999237060547,68.43958333333333,44,86.2,1029.3679186503093,1028.5999755859375,1030.0999755859375,0.1139882405598911,-1.5,0.13143285115559422,-1.1500244140625,0.4123842571862042,0.8888888955116272,79.29166676104067,256.8000030517578,0.5625,2,1,26,0
home,2024-01-27 00:00:00+00,9.544117714844498,2.600000023841858,18.200000762939453,68.48039215686275,46,84,1027.8343146829045,1026.8500366210938,1029.199951171875,-0.3852933995863971,-1.70001220703125,-0.6862685259650735,-2.34991455078125,0.4528867074964093,1.7777777910232544,95.3254897220462,345.70001220703125,0.7058823529411765,3,1,27,0
home,2024-01-28 00:00:00+00,7.862307609655918,2.3999999364217124,15.549999713897705,75.13333333333333,50,92.66666666666667,1027.2373123560196,1026.36669921875,1028,0.10641244741586539,-1.3333740234375,0.08409611628606119,-0.6333821614582575,0.45712250814988065,1.4027777910232544,58.41474337952259,210.79999542236328,0.34615384615384615,1.5,1,28,0
home,2024-01-29 00:00:00+00,5.863777690894073,0.5750000104308128,11.266667048136393,89.39333333333335,73,99,1027.903327094184,1027.0999755859375,1028.9500122070312,0.1588853624131995,-1.4999593098957575,0.3048904079861131,-0.89990234375,0.15740740696589153,0.7222222089767456,66.95377793629964,234.60000610351562,0.4444444444444445,2,1,29,0
home,2024-01-30 00:00:00+00,4.882083374261856,-0.46666666865348816,12.150000095367432,89.27083333333334,71,99,1029.1833323160806,1028.0999755859375,1030.3249816894531,0.2337529500325445,-0.85003662109375,0.562503560384107,-0.450042724609375,0.09537037052214145,0.8888888955116272,60.6691668510437,279.79998779296875,0.375,2,1,30,0
home,2024-01-31 00:00:00+00,6.8697916776562735,0.3000000089406967,15.449999809265137,71.11770833333333,42.5,86.5,1029.831258138021,1028.75,1030.4000244140625,0.0067653656005859375,-1.550048828125,-0.09167289733886719,-1.3499755859375,0.2929398149562379,1.5833333134651184,86.23437520861626,364,0.625,3,1,31,0
home,2024-02-01 00:00:00+00,7.0290476526532855,1.2999999523162842,12.600000381469727,71.97857142857143,50,87,1028.6631007603237,1027.5499877929688,1030.0333251953125,-0.5571416945684534,-2.04998779296875,-0.9357122512090784,-2.199951171875,0.2549603178742386,0.9722222089767456,56.654760746728805,191.25,0.39285714285714285,1.5,2,32,0
home,2024-02-02 00:00:00+00,7.507368400222378,2.5,15.100000063578287,68.95964912280702,44,81,1028.0830715246368,1027.2000122070312,1029.300048828125,0.215793328536189,-1.20001220703125,0.28474099677906023,-1.199951171875,0.4267787533763208,1.2037037213643391,81.0434209724006,320.5249938964844,0.5526315789473685,2.5,2,33,0
home,2024-02-03 00:00:00+00,7.724411771577947,1.7999999523162842,16.899999618530273,64.85784313725492,38,76,1028.3152014638863,1027.300048828125,1029.199951171875,-0.1529411764705829,-1.84991455078125,-0.11872666302848997,-1.5,0.6214596911096106,1.5555555820465088,60.825490166159234,252.4000015258789,0.4313725490196078,2,2,34,0
home,2024-02-04 00:00:00+00,10.80078444106906,2.799999952316284,18.700000762939453,59.02745098039216,34.2,78,1027.854114966299,1026.9000244140625,1028.5999755859375,-0.0274548100490205,-1.380029296874909,-0.15931887159160182,-1.699951171875,0.7482026081459194,1.9166666269302368,92.484704889211,315.79998779296875,0.6588235294117647,3,2,35,0
home,2024-02-05 00:00:00+00,10.2490196017658,3,18.899999618530273,62.833333333333336,36.5,81,1024.884801528033,1023.4000244140625,1027.300048828125,-0.7019569546568672,-2.249969482421875,-1.3666657092524555,-2.6666259765625,0.735566448493331,1.6944444179534912,89.46715694198421,335.37500762939453,0.6176470588235294,2.5,2,36,0
home,2024-02-06 00:00:00+00,7.888541679829359,3.0999999046325684,13.5,71.30208333333333,48.5,91,1020.3599004745482,1018.7999877929688,1022.0500030517578,-0.8729171752929688,-2.6333211263021212,-1.7479171752929688,-3.2500152587890625,0.37427662243135273,1.1018518606821697,64.5593746304512,228.3499984741211,0.46875,2,2,37,0
home,2024-02-07 00:00:00+00,6.239509791837019,0.9000000059604645,14.75,74.06372549019609,39,93,1015.9958831188727,1014.0333251953125,1018.0999755859375,-0.9151988309972426,-3.0199991861978788,-1.785785749846816,-3.41668701171875,0.612309367151237,2.2083333134651184,62.90352980117588,369.5500030517578,0.44705882352941173,3,2,38,0
home,2024-02-08 00:00:00+00,7.2858730055037,1.7799999952316283,11.449999809265137,71.24960317460318,58.666666666666664,87.66666666666667,1007.0469461834621,1002.5,1012.3200073242188,-2.476788112095424,-5.874969482421875,-4.616865491110177,-7.1333414713542425,0.6127755766882309,1.819444477558136,27.394285615285238,182.75,0.16428571428571428,1.5,2,39,1
home,2024-02-09 00:00:00+00,6.267726958551047,4.5545454025268555,9.433333396911621,94.90100533524446,82.5,99,994.4150700598642,987.9500122070312,1001.8500061035156,-1.8027682877562543,-3.33331298828125,-3.5346997778233296,-5.018726348876953,0.2622877638666444,1.0357142963579722,51.198685766353265,308.74285561697826,0.3172161172161172,2.642857142857143,2,40,1
home,2024-02-10 00:00:00+00,7.168838246181758,2.566666603088379,10.725000143051147,69.07755113244242,41.8,99,1015.4174992079866,984.4666544596354,1038.13330078125,6.312369383204624,-3.5533386230468977,12.03894401167638,-5.266672770182254,1.5251179859521589,5,63.607993706622736,277.1000061035156,0.44078674948240165,2,2,41,0
home,2024-02-11 00:00:00+00,5.306770853609556,-0.550000011920929,9.800000190734863,67.01116071428571,47.5,88,1043.102002915882,1039.1249694824219,1046.1571219308037,1.650707381112241,-0.45001220703125,3.397637283853655,0.949951171875,1.2102347831352658,3.2152777314186096,73.11979182561238,206.76666768391928,0.4791666666666667,1.6666666666666667,2,42,0
home,2024-02-12 00:00:00+00,6.6766666820824705,-1.5250000059604645,12.666666984558105,72.18796296296297,56,91.5,1046.9999967221859,1043.5000244140624,1054.7999877929688,1.2111755855499697,-2.65709751674126,2.0630302631034914,-1.9571219308036234,0.8480709929433133,1.9629629850387573,89.61111190451516,351.3000030517578,0.7,3,2,43,0
home,2024-02-13 00:00:00+00,6.6990195851699985,0.9000000357627869,14.5,69.17647058823529,49.5,89,1058.629897772097,1055.0999755859375,1061.699951171875,1.4392161649816178,-1.04998779296875,3.317160213694853,0.4000244140625,0.6725217806650142,1.9629629453023274,93.74950860528385,366.6333312988281,0.6470588235294118,3,2,44,0
home,2024-02-14 00:00:00+00,9.481291702985763,1.625,17.625,66.06791666666666,44.125,85,1061.9979190063477,1060.5999755859375,1063.5,-0.0649993896484375,-1.4666748046875,0.20375213623046876,-2.5999755859375,0.5783333331346512,1.7777777910232544,86.73029137849808,348.46249771118164,0.6166666666666666,3,2,45,0
home,2024-02-15 00:00:00+00,9.743492052290174,4.699999809265137,15.5,73.03968253968254,57,88,1057.1971460735986,1055.300048828125,1059.0999755859375,-0.7733305431547597,-2.5,-1.5076171875000022,-3.4000244140625,0.45548941394875925,1.3888888359069824,68.60992077418736,286.6000061035156,0.4523809523809524,2,2,46,0
home,2024-02-16 00:00:00+00,7.611307825182154,5.5,10.75,87.61995464852608,68.5,99,1057.7880164726148,1054.6499633789062,1061.199951171875,0.7556436344068841,-1.4100219726562955,1.2291010919341694,-2.35003662109375,0.1967414525471538,0.9722222089767456,31.537984394416867,126.5999984741211,0.09523809523809523,1,2,47,0
home,2024-02-17 00:00:00+00,8.59221783769194,4,15.475000143051147,82.32561728395062,61.5,96,1064.8457219360998,1061.699951171875,1068.9000244140625,1.2234172518291189,-0.308380126953125,2.297157667049027,0.75,0.4768640989523112,2.0925925970077515,96.23280410665683,396.4250030517578,0.6944444444444444,3.5,2,48,0
home,2024-02-18 00:00:00+00,9.094791635870934,2.649999976158142,15.22499966621399,83.03125,63.5,98,1068.646353403727,1067.933349609375,1069.5,0.023439407348632812,-1.524993896484375,0.34323183695475734,-1.2666829427082575,0.41015625081490725,1.8541666567325592,100.59843719005585,297.1000061035156,0.703125,2.5,2,49,0
home,2024-02-19 00:00:00+00,10.053508796189961,4.75,16.600000381469727,71.1842105263158,52,90,1066.8342167369108,1065.8666585286458,1067.800048828125,-0.22061799701891446,-1.7000732421875,-0.4688629685786772,-1.9000244140625,0.6844541922603782,1.9166666269302368,100.64122810698393,406,0.6842105263157895,3,2,50,0
home,2024-02-20 00:00:00+00,11.111777888933819,3.4000000953674316,18.266667048136394,50.586666666666666,21,86,1036.5653504774307,1025.1333414713542,1064.933349609375,-7.952217610677083,-39.80000813802076,-15.9288818359375,-41.199951171875,0.6888888886405362,2,121.85488976372612,441.1000061035156,0.9644444444444444,4,2,51,0
home,2024-02-21 00:00:00+00,8.49845239718755,2.9499999284744263,14.100000381469727,74.31666666666668,50,89.5,1022.6321428571429,1019.8000183105469,1025.375,-1.360715593610491,-3.574981689453125,-2.4107186453683034,-4.79998779296875,0.39537036538656267,1.5444444417953491,56.139880428995404,266.29998779296875,0.3392857142857143,2,2,52,1
home,2024-02-22 00:00:00+00,10.065538864204127,5.166666666666667,14.600000063578287,71.81182121971595,50.42857142857143,96,1009.4087995477653,1004.3999938964844,1014.8333333333334,-2.652975175348173,-6.866678873697879,-5.305750409994441,-8.29998779296875,1.225035005061833,3.194444417953491,96.58108451379039,349.43332926432294,0.7023809523809523,3,2,53,0
home,2024-02-23 00:00:00+00,4.278208126069112,0.6818181845274839,8.899999936421713,74.30379250379251,49.5,99,1004.9045329847607,1003.7333374023438,1006.0749969482422,0.029730516846418215,-1.063163355777192,0.05264553047760501,-1.800018310546875,1.1534057548132897,2.5,91.36294036853785,432.6000061035156,0.7094246031746031,4,2,54,0
home,2024-02-24 00:00:00+00,2.1552997370950115,-1.1250000298023224,6.950000047683716,81.42310841332582,60.75,93.5,1008.3431377638493,1005.066650390625,1012.7999877929688,0.9756494936735713,-0.39998372395837123,1.7937866905954796,-0.8583526611328125,0.5883996563120967,2,66.37949551854562,429.8999938964844,0.43623188405797103,4,2,55,1
home,2024-02-25 00:00:00+00,4.988451365310289,-0.5,9.125,86.23677248677248,71.2,99,1006.6556253753532,1001.7600036621094,1010.9333292643229,-1.4742099960915311,-2.3400024414062273,-2.6933400406874983,-4.588887532552121,0.6214030365563267,1.7666666388511658,68.07856762371253,299.1333312988281,0.4243764172335601,2.3333333333333335,2,56,0
home,2024-02-26 00:00:00+00,5.2512538704524845,1.3499999642372131,10.059999656677245,87.52872200263504,70.25,99,1001.3460805646819,999.6,1003.75,0.15341117021706474,-2.2458394368489962,-0.05914944640834046,-3.3428693498883604,0.6124025374408435,2.259259263674418,95.15934750175029,427.6333312988281,0.7371696504688833,3.6666666666666665,2,57,0
home,2024-02-27 00:00:00+00,6.57625643674663,-0.9000000315053123,11.650000095367432,59.664326942898384,40,99,1008.5278494956593,1004.5,1011.2999877929688,1.0928561256045366,0.17272255637431044,2.28654108749323,1.239993286132858,1.6893550098811667,3.881944417953491,97.38335613371835,405.1000061035156,0.7244897959183673,3.5,2,58,0
home,2024-02-28 00:00:00+00,6.379444429278374,2.375,12.699999809265137,55.990277777777784,39,72.75,1015.1242994520398,1011.5,1017.1999816894531,0.891498260498048,-1,1.845137897838248,0.300048828125,0.7214892015378509,2.0972222685813904,75.54041619565751,343.4250030517578,0.525,3,2,59,0
home,2024-02-29 00:00:00+00,8.202037038626493,1.1666666865348816,14.375,58.89074074074074,33,81,1012.3339840359157,1010,1014.9749908447266,-1.1888868543836806,-2.8000335693359375,-2.2499977394386597,-4.10003662109375,0.8728652379716988,2.458333373069763,125.21101819983235,443.09999084472656,0.9888888888888889,4,2,60,0
home,2024-03-01 00:00:00+00,6.722916703671217,0.30000001192092896,11.400000190734863,61.275,30,91,1010.3078098932903,1008.8999938964844,1011.4000040690104,0.109375,-1.3666788736978788,0.1098928451538086,-1.566680908203125,1.3281539406084146,2,85.0433340549469,376.1000061035156,0.6458333333333334,3,3,61,1
home,2024-03-02 00:00:00+00,4.617404598797551,1.5400000095367432,8.800000190734863,87.77591318052148,70,99,1003.8738186296129,998.1000111897787,1008.4000244140625,-1.6615472570642256,-2.9892796107700406,-3.017752974628376,-4.762504577636719,0.8047383376421473,2.194444417953491,56.91296414933479,283.93332926432294,0.33231292517006805,2,3,62,1
home,2024-03-03 00:00:00+00,4.342015155600007,1.2999999956651167,8.200000007947287,60.34083682728184,42,99,1001.6813566459936,995.2999988902699,1009.5999755859375,1.3025705410400703,-2.7236277262369413,2.069649608125647,-4.702852085658492,1.915880360014268,3.449074109395345,96.02064246800471,404.87691908616284,0.732780291603821,3.6153846153846154,3,63,0
home,2024-03-04 00:00:00+00,5.258151655227769,-3.1199999809265138,10.700000286102295,56.51058897243108,30.5,85,1012.7451447909935,1009.6000061035156,1016.2999877929688,0.9596504077576774,-0.70001220703125,1.8897817779005603,-0.850006103515625,0.7122667782036658,2.0486111119389534,120.25170982762386,392.3000030517578,0.875,3.125,3,64,0
home,2024-03-05 00:00:00+00,4.909166684681697,-0.6000000238418579,10.366666475931803,67.93769841269842,52,87.875,1019.4228160070995,1017.0999755859375,1021.2000122070312,1.194764249286959,0.050018310546875,2.622432299417172,0.20001220703125,0.7999118176717607,2.2222221940755844,92.47833261754776,406.8333333333333,0.6472222222222221,3.6666666666666665,3,65,0
home,2024-03-06 00:00:00+00,5.328749913548429,-1.550000011920929,12.399999618530273,61.61583333333333,37,86,1019.9015420532227,1018.4666646321615,1021.3000183105469,-0.2530739193870943,-1.8833211263021212,-0.3359901791527193,-2.649993896484375,0.894201386173566,2.5833332538604736,128.53616847832998,488.6000061035156,1.0291666666666666,4.5,3,66,0
home,2024-03-07 00:00:00+00,5.2909788642453135,-1.600000023841858,11.766666730244955,72.65462962962962,57.333333333333336,90,1013.8382630726649,1011.8000183105469,1016.5,-1.2250130264847345,-3.114275251116055,-2.4126066137243165,-4.170019531249977,0.882221861672136,2.2277777910232546,114.24252647735453,452.3999938964844,0.8203703703703703,4,3,67,1
home,2024-03-08 00:00:00+00,3.218320328643253,0.12500000186264515,6.708333293596904,92.03849779413264,74.33333333333333,99,1005.5292573656167,1003.9843091777726,1008.9000244140625,-0.8302039989526727,-6.3400085449218295,-1.6184337507549877,-8.003186244590665,0.6664584316719532,2.3796296219031015,65.43634693933838,395.8333384195964,0.4421203231862418,3.444444444444444,3,68,1
home,2024-03-09 00:00:00+00,0.6514353938526039,-0.09333333472410837,1.6370370343879417,99,99,99,1016.4994194549257,999.9454549153646,1026.7916844685872,2.598785615501351,-3.0625,5.042377469370021,-3.948198590959805,0.07917179325965315,0.3576388889923692,7.2598661663043345,33.3714289528983,0,0,3,69,1
home,2024-03-10 00:00:00+00,1.7727143543734394,-1.8799999952316284,5.8375000059604645,93.8262506012506,84,99,1029.3817894930162,1025.300048828125,1035.2999877929688,1.138037517817338,-0.3954023881392459,2.1083729328979928,0.37494913736986746,0.7277667066881718,2.506944477558136,84.5560277134809,340.76428658621654,0.6085232321178716,2.7142857142857144,3,70,1
home,2024-03-11 00:00:00+00,5.445738264344048,-1.949999988079071,11.674999952316284,70.84561827061826,44.5,99,1032.5118853570405,1027.3499755859375,1038,0.3509086840080458,-7.95001220703125,0.6705434934057269,-6.6666666666667425,1.1236810269937678,2.562500014901161,97.30991908660413,389.528573172433,0.7318292818292818,3.2857142857142856,3,71,0
home,2024-03-12 00:00:00+00,5.923015932894212,-0.20000000298023224,12.674999952316284,73.78361678004536,50,93,1040.4213125285107,1038.9000244140625,1041.8428955078125,0.5760294596354166,-1.1429443359375,1.500691150483633,-0.6000279017857792,0.6710679670563495,1.9861111044883728,138.621792326033,520.5500183105469,1.159410430839002,4.5,3,72,0
home,2024-03-13 00:00:00+00,8.86008338401715,-0.30000001192092896,16.65000009536743,74.79666666666667,50.5,97,1038.4232968648273,1036.7250061035156,1040.5999755859375,-0.4254119873046875,-1.5,-1.0271385192871094,-2.420007324218659,0.5872569457317391,1.7395833134651184,159.83854164203007,563.933339436849,1.3158333333333334,5,3,73,0
home,2024-03-14 00:00:00+00,10.688712215978345,1.699999988079071,18.079999923706055,75.03372687918142,52,95,1029.1303633328453,1025.699951171875,1037.699951171875,-1.3852317116477273,-9.999969482421875,-2.700970610311205,-11.17498779296875,0.7436171781040056,3.076388895511627,155.24808466221606,640.125,1.2431818181818182,6,3,74,1
home,2024-03-15 00:00:00+00,10.016583672726643,5.599999904632568,17.53333282470703,84.311286780852,54.333333333333336,99,1028.4661459773326,1026.9486100938584,1029.316650390625,0.10637737771738735,-1.990961710612055,0.13896699276919525,-2.251341078016594,0.35455562153100617,1.5370370546976726,104.97569891241562,679.8666585286459,0.8170289855072465,6,3,75,0
home,2024-03-16 00:00:00+00,10.130807041088449,3.849999964237213,16.950000524520874,87.49563492063493,66.125,99,1029.9319056204567,1028.9000244140625,1030.82001953125,0.16095842633928573,-1.645016479492142,0.5189658152264114,-1.6866414388020985,0.4928117182882937,2.684027761220932,139.87458224971942,683.9499969482422,1.1564713064713064,6.25,3,76,0
home,2024-03-17 00:00:00+00,13.210498859552569,6.5,19.366666793823242,78.08083900226758,58.666666666666664,96.66666666666667,1027.6245352193612,1026.5,1029.1999918619792,-0.43936709449404326,-2.199951171875,-0.8993469930289739,-2.5666910807292425,0.627954146023544,2.4537036418914795,150.61492188052526,676.5666707356771,1.1738095238095236,6,3,77,0
home,2024-03-18 00:00:00+00,12.933008685669343,6.233333349227905,19.949999809265137,76.88430735930734,55.5,97,1024.764903563132,1023.5,1026.4000244140625,-0.31681574041193594,-2.0333251953125,-0.7067507260805687,-2.5500081380207575,0.7632515632204744,2.694444417953491,154.6138301470063,675.7999877929688,1.2704545454545455,6,3,78,0
home,2024-03-19 00:00:00+00,13.878822713217827,6.400000095367432,21.400000381469727,75.6791446208113,49.75,98.66666666666667,1023.8153799013276,1022.2000122070312,1025.1999918619792,0.026110387731490745,-1.88336181640625,-0.15278064115546564,-2.533372667100707,0.6728529814847563,1.8611111044883728,174.46004371966848,640,1.44510582010582,6,3,79,0
home,2024-03-20 00:00:00+00,12.912113714656337,7.400000095367432,18.800000190734863,77.47593984962406,58,97.83333333333333,1025.9089068802377,1024.0999755859375,1029.1749572753906,0.6385910301877701,-1.0000406901042425,1.1903427748652156,-0.47994384765615905,0.5457788003426521,2.194444417953491,150.00389817465617,611.7000122070312,1.2172932330827069,5,3,80,0
home,2024-03-21 00:00:00+00,14.359958162841544,6.179999923706054,22.566666497124565,70.35680868838763,47,94,1030.5874557048953,1029.6500244140625,1031.4000244140625,0.29653334079828136,-1.10003662109375,0.9556111500675534,-1.1800374348956666,0.5646964677938616,1.45,149.36173305547328,638.939990234375,1.188262322472849,5.6,3,81,0
home,2024-03-22 00:00:00+00,15.416553352208904,8.300000190734863,22.81666660308838,67.8345804988662,45,88,1027.0985405193164,1025.0199951171876,1029.5999755859375,-0.6670996564315763,-2.2124786376953125,-1.394993165723322,-3.33331298828125,0.7640936046500865,3,151.791372743053,533.9000015258789,1.2031179138321997,4.625,3,82,0
home,2024-03-23 00:00:00+00,13.531899068144716,7.266666730244954,19.366666793823242,76.28622448979593,61.25,91.66666666666667,1024.9137444874596,1023.7666625976562,1026.3199951171875,-0.3086756146143389,-1.433319091796875,-0.5533139667813776,-2.1533081054687955,0.9719057043874952,3.078703681627909,159.84125070647588,696.3666788736979,1.3317460317460317,6.333333333333333,3,83,0
home,2024-03-24 00:00:00+00,8.657230101630363,4.699999809265137,14.81666644414266,79.15855962219598,53,98,1020.4982505487078,1017.4000244140625,1023.027266068892,-0.851339999112218,-1.9750213623046875,-1.6235014481977972,-3.4464394705636323,0.7700498943858137,5.19444465637207,142.1306821163845,656.4333292643229,1.18314639905549,6,3,84,1
home,2024-03-25 00:00:00+00,5.989096792104197,4.8125,6.865517221648117,98.71138237195301,93,99,1008.1831646151189,1002.25,1016.7999877929688,-1.9609328654982283,-4.566691080729129,-3.872255124715702,-5.644848318660934,0.25233246193974457,1.1687242852316961,22.655135738253332,99.67241431926858,0.0305428681008333,0.5862068965517241,3,85,1
home,2024-03-26 00:00:00+00,5.577975875890052,1.3333333333333333,7.88571435383388,94.52046506498179,85.93333333333334,99,998.7241301441783,997.9087020210598,1001,-0.4925462268647656,-2.666656494140625,-1.1918694503445186,-4.378565940536305,0.7504965508461323,2.043650779340948,37.84537346091198,156.01999947684152,0.14749302367449815,1,3,86,1
home,2024-03-27 00:00:00+00,4.3180375847428145,-1.858333299557368,8.666666666666666,85.89205065159013,62.416666666666664,99,1002.4064617657906,999.2999877929688,1003.9666646321615,0.43187071372364016,-1.2602535271496436,1.0669968410369155,-1.3840575287307502,0.6710744154350424,2.1260683903327355,106.27185797032708,545.0999946594238,0.7918782606282607,4.833333333333333,3,87,1
home,2024-03-28 00:00:00+00,8.685666247915607,6.353333377838135,11.538461391742413,83.70808910635229,63.69230769230769,99,1008.7425990804605,1002.3799926757813,1011.6499997652494,1.0979332367668728,-0.4706866384923387,2.065536825202699,-1.1828569684710146,0.7996994385606212,2.361111113003322,101.73555806092929,480.0428575788225,0.749779836176895,3.857142857142857,3,88,1
home,2024-03-29 00:00:00+00,10.461104887344609,6.830434716266135,15.219999885559082,83.07127649423843,59.5,99,1007.4930420741703,1005.4099975585938,1010.6285749162946,-0.7041795269336575,-1.8000061035155568,-1.3790776926633963,-3.273331705729106,0.5878924281678165,2.621527776122093,83.7168572402753,379.662504196167,0.6074807338394295,3.25,3,89,1
home,2024-03-30 00:00:00+00,7.3908151409100755,3.9571428639548167,12.099999836512975,81.11040318721238,52.857142857142854,98.73684210526316,1004.8283988841498,1003.4000069754464,1005.5999914098669,-0.2072926121581986,-1.549462489077996,-0.29439731597362595,-1.956247602190274,0.6653752548065147,2.338888919353485,116.14648685416533,473.68888685438367,0.8924607799607801,4.222222222222222,3,90,1
home,2024-03-31 00:00:00+00,5.184167459897606,1.399999976158142,7.810000014305115,95.49436714297508,83.5,99,1005.4468113788272,1002.9499969482422,1009.5,0.6037513015299444,-2.05363942155941,0.7122696181854309,-2.87693507105746,0.5217663366501352,1.1157407326002915,34.4367195522747,141.47500038146973,0.14190143807600705,1.05,3,91,0
home,2024-04-01 00:00:00+00,5.71019726867556,-0.6789473703033045,11.114285850524903,76.93484418277396,56.666666666666664,99,1020.7438336100627,1010.2800048828125,1032.199951171875,2.907775709364145,0.26726351651279856,5.94940112986779,1.6663166246916035,0.8257399877335391,2.5833333333333335,124.02031490350622,636.3090903542259,0.9807354171699139,5.818181818181818,4,92,0
home,2024-04-02 00:00:00+00,7.867117879992773,-0.18888889335923725,13.18749988079071,67.19611173850305,38.875,95.66666666666667,1033.383028767176,1031.800048828125,1035.4428536551338,-0.003617881000902502,-1.7159174138848812,0.23546801148592314,-2.9337649655030873,0.907508231939826,2.395833358168602,176.35424741386126,751.3466674804688,1.4762469414643329,6.866666666666667,4,93,0
home,2024-04-03 00:00:00+00,11.37110071175714,5.350000063578288,16.455555386013454,68.52958874458874,56.22222222222222,84,1033.8416058406858,1031,1036.5999755859375,0.6591634114583371,-1.38330078125,1.04516268775576,-1.3043160574775357,0.9954385134572108,2.5753968272890364,186.42398527194908,773.5428466796875,1.5743650793650792,7.142857142857143,4,94,0
home,2024-04-04 00:00:00+00,11.83925566981427,3.6666666666666665,19.100000381469727,71.42907964355334,51,95.5,1035.6384971987268,1034.8500061035156,1036.63330078125,-0.03194342719184343,-1.3124847412109375,0.14944415622287957,-0.939965820312409,0.5509976976948309,1.7916666666666667,164.80208667125652,705.1500040690104,1.388392857142857,6.333333333333333,4,95,0
home,2024-04-05 00:00:00+00,13.421140633843851,5.936363697052002,21,62.98008166076349,39.5,86,1036.636779894448,1035.566650390625,1037.75,0.21439245975379476,-1.0800048828125455,0.26264671556877645,-1.7371826171875,0.809318973669174,2.344444417953491,149.0395217805714,464.55999145507815,1.195364357864358,4,4,96,0
home,2024-04-06 00:00:00+00,15.847008832649223,5.349999904632568,24.549999872843426,50.116000930286646,30.5,68.75,1037.1905212373952,1036.2333170572917,1038.2571498325892,0.01396852523560353,-1.495019531249909,0.03598041145166809,-1.8867024739581666,0.49961102880336933,1.206597238779068,189.25288394195462,815.3999938964844,1.6267791732077446,7.75,4,97,0
home,2024-04-07 00:00:00+00,16.598794837575912,11.550000190734863,21.657143184116908,55.69639804639804,37,68,1034.3434012387593,1032.2624969482422,1036.2000122070312,-0.8321779842265067,-2.029992675781159,-1.5040782625712836,-2.7000325520832575,0.3176179401359025,0.8402777686715126,68.09703250061263,246.04285321916853,0.34812030075187966,1.7142857142857142,4,98,1
home,2024-04-08 00:00:00+00,15.370169113318576,9.800000190734863,21.8,66.09563170560612,42.2,91,1028.6089291347553,1025.8633544921875,1031.433349609375,-0.4724042956955877,-2.1333211263020075,-1.0809639614734825,-3.2083638509113825,0.5489795073296938,1.1111111640930176,94.63824882677211,365.1800048828125,0.6600845410628019,3.2,4,99,0
home,2024-04-09 00:00:00+00,9.360668154448861,2.649999976158142,14.160000038146972,55.060145284008925,30.5,96.375,1036.2067725615818,1029.4000244140625,1041.9500122070312,1.7515166311553065,0.19286237444202925,3.4998318396184644,1.9921779258577317,0.9448834338342219,1.813492042677743,191.25588682999168,709.016658782959,1.626295421749967,6.333333333333333,4,100,0
home,2024-04-10 00:00:00+00,9.462381882915214,0.4000000123466764,17.100000381469727,50.53733516483516,29.428571428571427,74.71428571428571,1040.201800753974,1038.5,1041.7333577473958,-0.11099853515625,-1.3583272298176325,-0.3398795438773391,-2.1399658203124545,0.8814772836141793,2.180555537343025,230.0913489700237,807.4374923706055,1.9779166666666668,7.375,4,101,0
home,2024-04-11 00:00:00+00,11.790541115570896,2.799999952316284,19.625000476837158,52.91991341991343,37,81,1044.0534899558857,1041.0999755859375,1047,0.7819676254734883,-0.47859845842640425,1.6688859693773048,-0.299957275390625,0.6916907211918851,2.020833343267441,210.80802156058226,759.9500122070312,1.7981601731601728,7,4,102,0
home,2024-04-12 00:00:00+00,15.839267509275322,4.214285782405308,22.799999872843426,48.6988664843928,31.857142857142858,74,1045.9639463510296,1044.9909113103693,1047,-0.10789516515898724,-1.51666259765625,-0.12606849766016717,-2.009088689630744,0.6811867160007941,1.8333333390099662,232.6176644968549,758.5599975585938,1.9760651629072683,6.8,4,103,0
home,2024-04-13 00:00:00+00,17.270941599313318,6.800000190734863,25.714285714285715,53.035173160173166,31.666666666666668,79,1044.0126721667004,1042.5166625976562,1045.3599853515625,-0.32954730409564736,-1.8850219726562045,-0.5104460877257473,-2.6599934895832575,0.6167809085541474,1.8611111243565877,211.78018536149682,742.585710797991,1.832142857142857,6.714285714285714,4,104,0
home,2024-04-14 00:00:00+00,17.989023802621027,7.599999904632568,25.440000152587892,50.422023809523814,28,81.5,1040.7276139177595,1038.6249694824219,1042.9000244140625,-0.6374918619791629,-2.000024414062409,-1.4504078165690089,-3.016677129836353,0.6624206360908491,1.7111111015081406,225.44665544805076,772.4333292643229,1.945238095238095,7.333333333333333,4,105,0
home,2024-04-15 00:00:00+00,15.952641690669415,8.650000095367432,22.725000381469727,63.18163265306122,41,89.5,1035.2750906185229,1033.6000366210938,1036.800048828125,-0.7647637261284759,-3.1999918619792425,-1.4435285434160723,-3.6333414713542425,0.6723072575599529,2.805555542310079,185.5649201075236,729.3333333333334,1.5476190476190477,6.666666666666667,4,106,0
home,2024-04-16 00:00:00+00,10.749772696904461,3.100000023841858,18.299999237060547,73.4969696969697,55,97,1030.234242078993,1027.9199951171875,1032.0499877929688,-0.49046186967329547,-2.60009765625,-0.9965626902394433,-3.300048828125,1.12643097801642,4.277777671813965,192.16398789524428,772.5499877929688,1.6280303030303032,7,4,107,0
home,2024-04-17 00:00:00+00,9.290793697787569,1.0666666825612385,15.75000031789144,71.79166666666667,53,94,1029.6830759596169,1028.13330078125,1030.8499755859375,0.00909146395596591,-1.6333821614582575,-0.10848855022744498,-2.0666910807292425,0.9955888292648726,3.3333333333333335,202.391869962095,783.4250183105469,1.6931818181818181,7.25,4,108,0
home,2024-04-18 00:00:00+00,8.116891007875063,0.8666666547457377,14.533333460489908,52.355486542443074,32.333333333333336,95,1031.8463815461364,1029.933349609375,1037.199951171875,0.8134071239526688,-0.75,1.482370401597,-0.5999755859375,1.0006321446261812,2.225694455206394,188.7429915163951,738.0000203450521,1.5756728778467908,6.333333333333333,4,109,0
home,2024-04-19 00:00:00+00,8.723253948324256,-1.033333311478297,16.46666653951009,45.28492063492064,26,71,1035.5330912272136,1033.2000122070312,1037.67998046875,-0.4083305237785182,-1.8500162760417425,-0.5092590977905859,-3.624969482421875,0.8037037008456765,2.819444417953491,208.43523774989066,755.7000122070312,1.799206349206349,7,4,110,0
home,2024-04-20 00:00:00+00,11.507272691798933,2.4499999284744263,19.520000076293947,65.31565656565657,39.2,92.66666666666667,1032.1381002715138,1030.4400146484375,1033.5999755859375,-0.05682003136837466,-2.13330078125,-0.20795140121922692,-2.2999999999999545,0.7749859751832456,2.9074074427286782,179.84511503860202,736.5750122070312,1.5304292929292929,6.75,4,111,0
home,2024-04-21 00:00:00+00,10.545104650252139,3.2666666507720947,17.166666666666668,77.1818722943723,55,94.33333333333333,1030.738690370502,1028.875,1032.6666259765625,-0.4424225778290685,-1.7667236328125,-0.7485588304924188,-2.9833577473957575,0.6691172686628567,2.194444417953491,173.0073521708341,763.9000244140625,1.462391774891775,7,4,112,0
home,2024-04-22 00:00:00+00,8.233769582400475,3.5999999046325684,13.399999936421713,38.24568665850178,24.333333333333332,69,1029.6436345260586,1028.6333414713542,1031.3250122070312,0.07738095238095238,-2,0.06794696787678081,-1.9772893732244938,1.850039881531441,3,196.26895645608113,732.0333455403646,1.6286181139122313,6.333333333333333,4,113,0
home,2024-04-23 00:00:00+00,5.59154037712236,0.22500000335276127,9.549999713897705,41.103787878787884,29,62.5,1029.2242754387134,1027.4299926757812,1030.800048828125,-0.038633866743607956,-1.32501220703125,-0.1799336905431284,-1.8833414713542425,1.2878507258314076,2.5416666865348816,145.88439263334178,802.0999755859375,1.1878787878787878,7.5,4,114,0
home,2024-04-24 00:00:00+00,8.650957810603524,1.233333342605167,14.675000190734863,46.76523268398269,25.5,77,1029.1116065164322,1027.5999755859375,1030.089990234375,-0.2738716819069602,-1.800048828125,-0.36023272890033486,-2.11663818359375,1.0032129286179616,2.5399305671453476,206.46767571474737,765.4599975585937,1.7507575757575757,6.8,4,115,0
home,2024-04-25 00:00:00+00,7.917013075055922,3.533333341280619,10.550000190734863,74.66318681318681,62.875,91.5,1025.1486373775,1023.5499877929688,1027.300048828125,-0.6108663807744565,-2.100006103515625,-1.1804358440896738,-2.6000162760417425,0.6710742194456486,1.7916666567325592,93.42427692487753,369.625,0.625,3,4,116,1
home,2024-04-26 00:00:00+00,9.473698943991819,2.2166666189829507,15.050000071525574,76.682704043936,45.125,99,1023.288454356487,1022.1875,1023.9800048828125,-0.0638872782389323,-1.1624908447265625,-0.1407602522108249,-1.3833211263021212,0.6419771940860126,1.7222222208976745,137.7961609603104,629.7999877929688,1.154718660968661,6,4,117,1
home,2024-04-27 00:00:00+00,8.825674207350321,7,11.11714289528983,96.00810650362321,86.20833333333333,99,1022.8206164094157,1020.894287109375,1025.800048828125,0.29841401841905696,-1.0749969482421875,0.39040068193784333,-1.8511926560174743,0.43322442353819074,1.4206349202564785,28.881307059169362,122.21142763410296,0.1015221878224974,0.7142857142857143,4,118,1
home,2024-04-28 00:00:00+00,8.215887212540858,6.770000076293945,11.171428635006858,97.09223455156155,87.31818181818181,99,1028.4993711002805,1026.189990234375,1030.7,0.6196394178602418,0.08843994140625,1.331177702314136,0.7605832441663551,0.19370256851336232,1.0820707021789118,58.2190722418855,353.2807705218975,0.3370445051140616,3.0384615384615383,4,119,1
home,2024-04-29 00:00:00+00,7.949163039554961,6.74137928842128,9.630487849072713,98.96169894787182,98.45882352941176,99,1029.875350288395,1028.8000081380208,1030.8967269094367,-0.18135845340484025,-1.1861383869181736,-0.26728852938557185,-1.0447248828759257,0.21197711000013256,0.5925925771395365,32.638622573085904,183.79134588975174,0.12565522036799315,1.25,4,120,1
home,2024-04-30 00:00:00+00,9.668293868514182,7,11.852459078929463,97.84801754778779,89.51162790697674,99,1026.8796134881347,1023.2285853794643,1028.4647073184742,-0.6475393517838626,-2.57141462053562,-1.0865401343993,-2.9755037268813567,0.16691407521006452,0.834876554293765,54.60018127917153,235.4081958708216,0.32926502316485984,1.819672131147541,4,121,0
home,2024-05-01 00:00:00+00,8.870877143447485,4.599999904632568,13.270588145536536,84.55879061070479,67.38888888888889,99,1021.1214117237108,1019.7333374023438,1022.5666707356771,-0.26623769285817406,-2.211147732204722,-0.9093469384507813,-4.1366984049479925,0.8323222710361726,3.1857639253139496,186.27934914175535,847.6227257468483,1.5442837536267844,7.7272727272727275,5,122,1
home,2024-05-02 00:00:00+00,6.01868388403192,1.0666666825612385,11.742856979370117,81.88918500895814,46,98,1027.1961203792139,1022.4666748046875,1031.8500366210938,1.2114592658148904,-0.45001220703125,2.5270561187986402,1.1222398546005934,0.6520366588446737,1.803240751226743,120.15820228444939,475.5948724991236,0.9235827733151237,4.153846153846154,5,123,0
home,2024-05-03 00:00:00+00,8.839252057624199,0.06842105365113209,15.009090943769975,70.49509946072446,46.4,97,1032.083033834079,1030.7099975585938,1032.8999938964844,0.11284595065646386,-1.1670379638671875,0.2764862302749786,-1.734521484374909,0.8674103130779773,2.4537037213643393,210.13234228349077,876.6999947684152,1.802816627816628,8,5,124,0
home,2024-05-04 00:00:00+00,13.549913648624434,5.674999952316284,19.34999942779541,70.16092132505176,53,97.25,1031.3366645681356,1030.199986049107,1032.4142892020088,-0.05589967336714321,-0.9000244140625,-0.2087076001532553,-1.3642578125,0.8600989181141506,2.6701389104127884,218.00824039118956,774.2999969482422,1.8427881297446516,7,5,125,1
home,2024-05-05 00:00:00+00,14.689688150506091,8.324999809265137,21.2,77.58584435698141,49.142857142857146,99,1029.0287649467227,1026.4000244140625,1031.0999755859375,-0.6023307468580164,-1.8999723840931892,-1.0886508525110279,-3.146630859374909,0.7422683786813754,2.6033950762616263,188.5734437868714,837.6833292643229,1.5690005646527387,7.5,5,126,1
home,2024-05-06 00:00:00+00,12.17727151833773,5.799999872843425,17.2888888253106,83.96515467302457,65.38888888888889,99,1027.849346381645,1025.5599934895833,1031.36669921875,0.5089596576572247,-2.0375213623046875,0.7868186806732984,-2.7400033085723408,0.862069018080677,2.425347216427326,192.53246297537103,857.7000045776367,1.6509472239285907,7.875,5,127,1
home,2024-05-07 00:00:00+00,10.30720258478219,3.699999979564122,15.049999904632568,73.90507703489321,51.61538461538461,97,1032.4310343792183,1031.028564453125,1034.9000244140625,0.43888600667317706,-0.6540644481929121,0.979998542002979,-0.7822482638889596,0.8997135407979905,2.202020211653276,175.21399848039596,742.3199981689453,1.430420274170274,6.6,5,128,0
home,2024-05-08 00:00:00+00,12.892659068957977,3.574999988079071,20.11999931335449,63.12915019762846,36.666666666666664,95,1035.1539744076474,1034.239990234375,1036.7666829427083,0.1876777980638587,-0.8666585286457575,0.4595244476760518,-0.884979248046875,0.6503438895037119,2.111111119389534,236.29380443506415,935.5,2.0128458498023716,8.5,5,129,0
home,2024-05-09 00:00:00+00,14.255274741844516,4.450000047683716,21.72499990463257,62.997475808505214,40.75,90,1035.0761937354398,1033.2749938964844,1036,-0.04848133433948864,-1.2911753934972694,-0.15522257486978477,-2.0416971842448675,0.8278426777736029,1.9583333283662796,249.21851507421363,869.276471306296,2.1655844155844153,8,5,130,0
home,2024-05-10 00:00:00+00,15.14460671563857,6.2399999618530275,22.200000762939453,63.17440476190477,42,94.8,1034.5021872186041,1033.1374969482422,1035.36669921875,-0.1259138627485754,-1.553377278645712,-0.23924597537879064,-1.7825225830079034,0.6741512354990147,1.75,249.27380479301553,877.460009765625,2.1672979797979797,8,5,131,0
home,2024-05-11 00:00:00+00,15.76289503822079,6.950000047683716,22.979999923706053,63.95957792207793,43.2,90,1033.88140621433,1033.0499877929688,1034.6749572753906,-0.11045032848011777,-1.280004882812591,-0.16204417835582385,-1.566650390625,0.8516399110107002,2.2777777194976805,222.92575211421752,882.039990234375,1.9172077922077924,8,5,132,1
home,2024-05-12 00:00:00+00,15.7774489348694,8.449999809265137,21.875,68.12253619396478,49,89.5,1032.8376125390478,1031.63330078125,1033.699951171875,-0.173454793294273,-1.2166748046875,-0.5276205395895366,-1.626708984375,0.5903866372706221,1.6785714285714286,199.81576903394586,815.3800018310546,1.617104192104192,7.4,5,133,0
home,2024-05-13 00:00:00+00,15.828702653894101,8.25,22.033334096272785,66.94817115251898,45.333333333333336,95,1028.4384694417315,1024.4000244140625,1032,-1.0220640762992508,-1.9083353678386175,-1.7715199346127677,-2.9972432454426325,0.7367322244413397,2.620370308558146,192.44155468271057,820.7333374023438,1.5920289855072465,7.666666666666667,5,134,1
home,2024-05-14 00:00:00+00,10.942133113741896,6.571428503308978,15.505882543676039,90.86157453038061,76.25,99,1022.3913037511294,1021.268741607666,1023.2800048828125,-0.28585995981015605,-2.70001220703125,-0.7498427221284952,-3.740576702615499,0.4545941200183151,1.6875000021287374,118.84059909229585,659.757137298584,0.9072623090438715,5.928571428571429,5,135,1
home,2024-05-15 00:00:00+00,9.314991196833779,4.650000095367432,13.850000143051147,84.665383129201,65.125,99,1023.1508784295328,1022.2312507629395,1024.5999755859375,0.13212426437683403,-1.0999755859375,0.32991004893381654,-0.6422663730403428,0.5000702450267568,1.7683080604130572,146.34066150787893,564.622727134011,1.1534495296007485,4.931818181818182,5,136,1
home,2024-05-16 00:00:00+00,9.241480093084125,4.539999961853027,14.733333298654268,78.918828536181,52.96969696969697,96,1024.0969395546585,1023.0545524828361,1026.2000122070312,0.2717391304347826,-1.1500244140625,0.40010169895276704,-1.274993896484375,0.5858840680244417,2.240740727294575,167.43361742512724,803.5677362257435,1.375166657277766,7.516129032258064,5,137,1
home,2024-05-17 00:00:00+00,11.024642930620175,5.416666666666667,15.066666523615519,84.84794137367517,65.44444444444444,97,1026.0239930754472,1025.0749816894531,1027.3333536783855,0.10520680745442708,-0.95001220703125,0.3374582651592088,-0.869476318359375,0.37830752117725597,1.3908045931622899,121.04093185281151,649.5444403754341,0.9364924337931305,5.777777777777778,5,138,0
home,2024-05-18 00:00:00+00,12.979712913253781,8,17.099999836512975,81.77386918636917,61.714285714285715,99,1027.747545683682,1026.566650390625,1029.3333333333333,0.21884509100429925,-1.3555230034721717,0.40463529711602225,-0.7667032877604925,0.5906349432083837,1.5515872836112976,167.32514756087474,634.0166803995768,1.3243038965865055,5.666666666666667,5,139,1
home,2024-05-19 00:00:00+00,12.65652974814283,7.433333396911621,19.063636259599164,82.81307153525617,54.09090909090909,99,1027.0393259402495,1025.2866536458334,1028.062484741211,-0.18925255985404082,-1.8333333333332575,-0.3587549394053341,-1.9633463541665606,0.5475350762980424,2.1111111640930176,169.03183331925035,855.5374984741211,1.4171855032839016,7.75,5,140,1
home,2024-05-20 00:00:00+00,11.616590498507302,6.599999904632568,18.108333428700764,86.51650878746148,63.416666666666664,99,1026.2616197571663,1025.2705939797795,1028,0.0780168721559043,-1.7714582170758604,0.05334698820389428,-1.9487617688300816,0.5292352949224359,1.906249988824129,232.52250473529904,971.5249938964844,1.9938310450038141,9,5,141,0
home,2024-05-21 00:00:00+00,12.75971687555657,4.588888857099745,18.099999745686848,71.71718975468976,50,99,1028.7926328254468,1027.2999877929688,1031.1999918619792,0.45454545454545453,-0.70001220703125,0.82582978437291,-0.41253662109375,0.914234609958752,3.2430555522441864,244.47614958313807,946.9499816894531,2.071446608946609,8.5,5,142,0
home,2024-05-22 00:00:00+00,13.465176758904727,8.5,18.190908952192828,71.00737734487733,53.54545454545455,94.5,1031.6519433602155,1030.8,1032.9000244140625,0.2383163914535916,-0.5636696555397975,0.5160946007930843,-0.887515258789108,0.778411231194731,2.513888895511627,238.27177605063574,889.3999938964844,2.0277548209366394,8.25,5,143,1
home,2024-05-23 00:00:00+00,13.119704228319987,6.8000000440157375,18.536363775079902,79.77101671476672,50.111111111111114,99,1033.513215456114,1032.5,1034.5,0.17738003200955177,-1.0232266512784918,0.45910111684648314,-1.45556640625,0.7467754568520507,2.984126942498343,235.41849241206148,889.1363636363636,2.0016895141895144,8.363636363636363,5,144,1
home,2024-05-24 00:00:00+00,11.327560219381866,9.199999809265137,15.322222179836697,94.48950938648859,80,99,1033.7755315027496,1032.6777750651042,1034.5999755859375,-0.016667683919270832,-1.8185176142937962,0.0039868793790371155,-1.8538770887587361,0.2000199699502934,0.9527777835726738,60.85870526472806,509.2529458438649,0.35745718179073543,4.411764705882353,5,145,0
home,2024-05-25 00:00:00+00,14.644232980649525,7.425000071525574,21.81666644414266,80.2697756788666,51.916666666666664,99,1033.3708405633931,1032.2166951497395,1034.800048828125,0.07394168738162742,-0.9000244140625,-0.038094656808043095,-1.2499898274738825,0.516077851399923,2.009259263674418,230.60798276420746,839.933349609375,1.9629329004329004,7.666666666666667,5,146,0
home,2024-05-26 00:00:00+00,18.368821763975674,9.171428680419922,23.020000076293947,71.68221698935984,49.8,99,1033.9688274581167,1032.8750305175781,1035.199951171875,0.029678974454370854,-1.29998779296875,0.09773608010913276,-1.496429443359375,0.6389020899322729,1.7777777314186096,258.4979152105043,813.2000122070312,2.1738618524332813,7.666666666666667,5,147,0
home,2024-05-27 00:00:00+00,16.883155291823602,12.342857088361468,19.857142857142858,80.34556277056274,69.5,99,1034.5311257617504,1033.4571533203125,1036.0499877929688,0.1512539672851517,-1.0375213623046875,0.2474628993442934,-1.3285784040178896,0.6912474449627601,1.6574073632558186,116.02820683559814,467.12500762939453,0.7985714285714286,4,5,148,0
home,2024-05-28 00:00:00+00,16.98121207193895,11.199999809265137,22.549999237060547,75.2098484848485,52.333333333333336,96,1035.1955249208393,1034.0333251953125,1036.1999918619792,-0.08295648748224432,-1.120027669270712,-0.03545738319297181,-1.6500040690104925,0.6642255945469846,2.9166667461395264,270.92189456838554,955.6000162760416,2.349242424242424,9,5,149,0
home,2024-05-29 00:00:00+00,18.95404761916115,10.699999809265137,25.300000190734863,72.52702380952381,44,96,1033.1951145135786,1031.6499633789062,1034.699951171875,-0.44250284830729925,-1.29998779296875,-0.8964655848911889,-1.7892848423548458,0.6180919311887453,1.6805555671453476,249.22688111351357,616.1750106811523,2.1123809523809527,5.75,5,150,1
home,2024-05-30 00:00:00+00,17.252461137562307,10.499999761581421,23.600000381469727,84.0089368394163,60.5,99,1028.1118104662035,1025.9461576021636,1030,-0.7295425877426541,-2.8999837239582575,-1.2969888383859247,-3.23333740234375,0.6903160656616237,2.8333332538604736,161.8134166308839,855.8500061035156,1.3560606060606062,8,5,151,1
home,2024-05-31 00:00:00+00,14.447063673897942,6.299999952316284,21.02857153756278,75.53691002284752,50.72727272727273,99,1027.0848737772637,1025.642857142857,1028.5333387586807,0.17738069806780268,-1.6899902343750455,0.24048639728953466,-2.1271379743304806,0.5149992218729491,1.7291666716337204,230.09478548496227,852.2199951171875,1.9556863275613274,8,5,152,0
home,2024-06-01 00:00:00+00,13.140144396998684,7.842857292720249,18.07272720336914,81.18097972117839,56.45454545454545,99,1029.1374288906993,1027.75,1031.590897993608,0.36676859411393353,-0.727234679383173,0.7192082607145553,-0.7147355513138791,0.49604184202936524,1.4166666716337204,126.22893800052587,421.7874946594238,0.9157325162759945,3.5,6,153,0
home,2024-06-02 00:00:00+00,14.51643391355308,6.366666793823242,19.433333079020183,73.64508692365837,50.2,99,1030.6331090185445,1029.5166625976562,1031.9000244140625,0.0627227160395402,-0.6049987792969205,0.038251625742023385,-0.8833414713542425,0.5653543661630549,1.555555558204651,185.39229090247113,649.639990234375,1.496220710506425,6,6,154,1
home,2024-06-03 00:00:00+00,15.027158201744163,9.5,22.300000190734863,81.94677634523947,53.333333333333336,99,1029.977108385138,1028.47333984375,1031.300048828125,-0.2012168190696002,-1.3833516438801325,-0.3104470924139791,-1.80828857421875,0.4803834112744607,1.2638888984918595,219.0247641951042,774.3900131225586,1.8818181818181818,7.1,6,155,1
home,2024-06-04 00:00:00+00,16.721937615154953,9.714285578046526,22.827777862548828,78.13487477434845,51.111111111111114,99,1028.4503200710199,1026.923086313101,1030.0999755859375,-0.05086249809760995,-1.5428292410713311,-0.19657260870640544,-1.9349731445311136,0.6263338849673441,2.1929012603229947,241.0095751524039,938.8166656494141,2.0447558687989305,8.75,6,156,0
home,2024-06-05 00:00:00+00,19.32406383747662,9.728571483067103,26.399999618530273,70.82316017316018,43,99,1030.2311357440371,1029.36669921875,1031.839990234375,0.2579864105620944,-0.5167032877604925,0.501621923405382,-0.7874908447265625,0.4463489094374145,0.9722222487131754,224.05481633572347,892.1999969482422,1.854707792207792,8,6,157,0
home,2024-06-06 00:00:00+00,21.264063796336515,12.400000190734863,28.449999809265137,62.62934704184704,40.875,96,1031.8421162372715,1030.7800170898438,1033.199951171875,0.1890885786576746,-0.8000098334418908,0.40590681596236,-1.0200317382812045,0.7438241617658683,4.19444465637207,241.80625800307178,830.2999877929688,2.1121212121212123,8,6,158,0
home,2024-06-07 00:00:00+00,23.22944452709622,15.899999618530273,29,48.488888888888894,31.333333333333332,68.6,1031.3163292100694,1030,1032.4666748046875,-0.52066650390625,-1.750030517578125,-0.720997314453128,-1.9332682291667425,0.6972222219738696,1.8333332935969036,265.17210918956334,745.0999959309896,2.2822222222222224,6.666666666666667,6,159,1
home,2024-06-08 00:00:00+00,20.45674245460295,14.300000190734863,27.733332951863606,65.4276966089466,35.5,97.0909090909091,1024.0484064605846,1020.2000122070312,1030,-1.1816630045572936,-2.4399902343750455,-2.3129159291585304,-4.310034179687591,0.2681283327212294,0.8888888768851757,139.90314013650064,483.1499938964844,1.111345598845599,4.5,6,160,0
home,2024-06-09 00:00:00+00,16.935689340291045,14,20.79000015258789,85.53275979071435,74,91,1021.3406324923182,1019.4250030517578,1024.4000244140625,0.4448504823626949,-2.20001220703125,0.6026189630681839,-3.1249847412109375,0.700168815970552,2.2029914397459764,120.25282860766896,590.8555535210503,0.8733628744992381,5.111111111111111,6,161,1
home,2024-06-10 00:00:00+00,14.559420611000009,12.349999904632568,17.779999923706054,86.87675459072518,68.4,99,1025.727203324143,1024,1027.260009765625,0.3194410536024274,-0.769982910156159,0.7914517795338346,-0.5699890136718295,0.3545852423964185,1.1512345655096903,58.14720884262628,405.4,0.2484457671957672,3.4,6,162,1
home,2024-06-11 00:00:00+00,12.383344564995332,11.272727446122603,13.913333193461101,96.97374627687128,91.16666666666667,99,1027.8813710738807,1026.2333170572917,1029.5499877929688,0.29028065999348956,-0.79998779296875,0.5467485120947231,-1.02667236328125,0.38919097929890145,1.3156565685163846,60.995222323792355,206.1066696166992,0.3344576753584107,1.4666666666666668,6,163,1
home,2024-06-12 00:00:00+00,10.670172098071475,6,14.177777608235678,92.92188164844414,77.22222222222223,99,1030.0936178148188,1028.6666666666667,1032.5999755859375,0.39513566758897883,-0.7000732421875,0.7170782139692354,-0.8222249348959849,0.3750644290337546,1.2449494979598306,68.78226155402282,436.09230158879205,0.42562269906019906,3.6923076923076925,6,164,0
home,2024-06-13 00:00:00+00,13.493153989385329,3.9545454762198706,20.47499990463257,72.81769052706554,51.25,99,1031.3525801518438,1029.9666748046875,1032.3000155362215,-0.1826341417100726,-1.0916544596354925,-0.23656398228236716,-1.8400216238837857,0.74500088928958,3.2142856972558156,235.24178825272713,828.0999984741211,2.005615333740334,7.625,6,165,0
home,2024-06-14 00:00:00+00,18.661932284129417,8.450000047683716,26.22499990463257,61.815338164251216,35.75,91,1028.038053164275,1025.9749755859375,1030,-0.5217426687047069,-1.8249969482421875,-1.133226300668016,-2.97503662109375,0.8328468945417284,2.694444417953491,242.78135183974743,823.7999877929688,2.0635265700483094,8,6,166,0
home,2024-06-15 00:00:00+00,17.406541645129522,10.699999809265137,22.5,69.95583333333333,42,94,1026.30757715861,1025.0499877929688,1028.7000122070312,0.1916656494140625,-1.6000162760417425,0.08262135823566723,-1.48333740234375,0.8411226904795818,2.3750000596046448,191.75570887257658,838.3666788736979,1.5583333333333333,7.666666666666667,6,167,0
home,2024-06-16 00:00:00+00,16.73031743821644,9.100000381469727,22.766666412353516,74.24166666666667,53,97,1027.4982157389325,1026.5,1028.4000244140625,0.012702094184024168,-1.20001220703125,0.2269876147073492,-1.3666788736979925,0.7064484143215749,1.8611111640930176,237.02460382855134,893.1499938964844,1.992063492063492,8,6,168,0
home,2024-06-17 00:00:00+00,19.919773299785966,10.625,27.10000006357829,68.75873015873015,44.166666666666664,92,1027.7644861753297,1026.7333577473958,1029.7000122070312,0.1809508308531782,-0.9000244140625,0.2544406467013903,-0.8666178385417425,0.7350324468277479,2.9166667461395264,236.3412857154059,790.7999877929688,1.9500000000000002,7,6,169,0
home,2024-06-18 00:00:00+00,21.245833292007447,11.949999809265137,26.350000381469727,62.722500000000004,47,90,1027.4319157918294,1025.8000183105469,1028.5333251953125,-0.3100056966145871,-1.5600016276041515,-0.6140019734700559,-1.949981689453125,0.56270833891506,2.100000023841858,236.51150069584446,777.1499938964844,1.9425000000000001,7,6,170,1
home,2024-06-19 00:00:00+00,19.60234755796907,12.299999872843424,25.766666412353516,75.52943252399773,50.5,96.5,1027.2939656290237,1025.5333251953125,1030.300048828125,0.30870255180027173,-2.1666259765625,0.7022047697057983,-1.89990234375,0.446788062268894,2.1111111640930176,149.58776546247563,690.5333353678385,1.1840673818934688,6.333333333333333,6,171,1
home,2024-06-20 00:00:00+00,16.111941669280323,12.099999904632568,20.600000381469727,90.28123728123728,73,99,1029.5208386493787,1027.5999755859375,1030.3222520616318,0.039581298828125,-1.7000732421875,0.10914223282425912,-2.5,0.44184592840579023,2,68.29120434771754,255.000004359654,0.39316239316239315,2,6,172,0
home,2024-06-21 00:00:00+00,16.681249916553497,10.049999713897705,22.84999942779541,77.39583333333333,56,99,1031.8249994913738,1030.0999755859375,1034.1499633789062,0.43541717529296875,-0.949951171875,0.9270807902018229,-0.60003662109375,0.7285879572543005,3.236111044883728,200.9729162156582,751.5499877929688,1.7083333333333333,7,6,173,0
home,2024-06-22 00:00:00+00,17.10208346446355,9.900000095367432,23.5,72.45833333333333,52.5,96.5,1031.316670735677,1029.8500366210938,1032.949951171875,-0.4083353678385417,-1.35003662109375,-0.758331298828125,-2.0999755859375,0.7210648151425024,2.0972222089767456,132.45000043014684,474.1000061035156,1.0625,4,6,174,0
home,2024-06-23 00:00:00+00,16.941666662693024,9.450000286102295,23.899999618530273,76.625,45.5,96.5,1028.964579264323,1027.0499877929688,1030.199951171875,-0.07083384195963542,-1.45001220703125,-0.18541971842447916,-1.90008544921875,0.7737268471779922,2.8333332538604736,194.10833342870077,744.6000061035156,1.6458333333333333,7,6,175,0
home,2024-06-24 00:00:00+00,17.81458326180776,10.25,22.949999809265137,73.29166666666667,54,95.5,1027.8791631062825,1026.7999877929688,1028.75,-0.2354151407877604,-1.449951171875,-0.414581298828125,-1.64996337890625,0.4525462919846177,1.7777777314186096,153.27500006866953,583.4000091552734,1.2083333333333333,5.5,6,176,0
home,2024-06-25 00:00:00+00,20.08333345254262,13.599999904632568,27.800000190734863,71,42,95.5,1026.4208297729492,1025.0499877929688,1027.4500122070312,-0.10000101725260417,-1.050048828125,-0.272918701171875,-1.7000732421875,0.5011574087354044,1.5000000298023224,194.4062510455648,697.8999938964844,1.5833333333333333,6,6,177,0
home,2024-06-26 00:00:00+00,21.60208334525426,12.5,29.350000381469727,66.8125,43.5,95.5,1027.033332824707,1025.5999755859375,1028.7000122070312,0.18958282470703125,-0.9000244140625,0.30208587646484375,-1.2000732421875,0.8443287039796511,2.6527777314186096,217.04999963442484,754.3000183105469,1.8125,7,6,178,0
home,2024-06-27 00:00:00+00,23.42083328962326,14.650000095367432,31.199999809265137,64.58333333333333,39,90,1029.1645736694336,1028.0999755859375,1031.0999755859375,0.26249949137369794,-0.50006103515625,0.6479136149088541,-0.70001220703125,0.46643518035610515,1.5972222089767456,200.53333281104764,676.9500122070312,1.6666666666666667,6,6,179,0
home,2024-06-28 00:00:00+00,23.814583361148834,15.700000286102295,30.75,57.479166666666664,33,88,1029.6124928792317,1026.9000244140625,1030.8500366210938,-0.41457875569661456,-2.3499755859375,-0.6145782470703125,-2.0499267578125,0.5127314832061529,1.6944444179534912,208.11458072066307,725.8499755859375,1.8125,6.5,6,180,1
home,2024-06-29 00:00:00+00,17.572916607062023,13.299999713897705,22.75,81.02083333333333,62,99,1026.2708358764648,1024.9500122070312,1028.4500122070312,0.10833231608072917,-2.29998779296875,-0.12291717529296875,-2.74993896484375,0.5231481506489217,1.944444477558136,162.22083292218545,976.25,1.3958333333333333,9,6,181,1
home,2024-06-30 00:00:00+00,18.579166690508526,12.950000286102295,24.5,82.8125,59,99,1027.8499959309895,1025.6499633789062,1030.2000122070312,-0.06250254313151042,-3.9000244140625,-0.1312535603841146,-4.550048828125,0.3715277803130448,1.0416666865348816,81.85416659340262,313.1999969482422,0.5833333333333334,2.5,6,182,0
home,2024-07-01 00:00:00+00,15.670833428700766,11.300000190734863,22.100000381469727,88.16666666666667,75,99,1028.1020787556965,1026.7999877929688,1029.7999877929688,0.2062505086263021,-1.25,0.5083338419596354,-1.04998779296875,0.5202546336998543,2.5,154.35416713667414,721.3999938964844,1.25,6.5,7,183,0
home,2024-07-02 00:00:00+00,18.254166662693024,9.150000095367432,24.050000190734863,71.8125,57,96.5,1027.3291727701824,1025.9000244140625,1028.8499755859375,-0.36874643961588544,-1.25,-0.6874923706054688,-2.00006103515625,0.7598379645496607,2.4166666865348816,204.23125066173574,818.75,1.7708333333333333,7.5,7,184,0
home,2024-07-03 00:00:00+00,17.258333384990692,11.900000095367432,24.199999809265137,74.52083333333333,50.5,99,1025.2458356221516,1023.9999694824219,1026.4500122070312,-0.0500030517578125,-1.29998779296875,-0.1541748046875,-1.75,0.555555555348595,1.9027777910232544,197.3520838568608,785.1499938964844,1.6666666666666667,7,7,185,0
home,2024-07-04 00:00:00+00,19.591666638851166,10.75,27.800000190734863,70.125,34.5,94,1027.216667175293,1025.4500122070312,1029.0999755859375,0.33541615804036456,-0.85003662109375,0.6562525431315104,-1.14996337890625,0.659143520363917,3.638888955116272,237.8791657835245,819.25,2.0416666666666665,7.5,7,186,1
home,2024-07-05 00:00:00+00,21.647916555404663,14.549999713897705,28.399999618530273,70.22916666666667,48,95,1026.0770823160808,1023.5,1027.8500366210938,-0.44375356038411456,-2,-0.9000066121419271,-3.1500244140625,0.628472225740552,2.055555582046509,210.60416747443378,755.6000061035156,1.7708333333333333,7,7,187,1
home,2024-07-06 00:00:00+00,17.966666638851166,13.400000095367432,24.5,85.375,62,99,1025.2541669209797,1021.9499816894531,1028.1499633789062,0.3375040690104167,-4.3499755859375,0.6833368937174479,-4.349945068359375,0.40393518392617506,1.1527777910232544,104.56249919037025,553.8999938964844,0.7708333333333334,5,7,188,1
home,2024-07-07 00:00:00+00,18.439583162466686,14.150000095367432,23.649999618530273,83.25,57,99,1028.712501525879,1027.4500122070312,1031.0499877929688,0.37708282470703125,-0.5,0.7312520345052084,-0.699951171875,0.6284722243435681,2.486111044883728,238.22916507348418,830.0499877929688,2.0416666666666665,7.5,7,189,1
home,2024-07-08 00:00:00+00,18.737499912579853,13.349999904632568,25.800000190734863,87.75,57,99,1030.868746439616,1030.0999755859375,1032.4500122070312,0.13541666666666666,-0.95001220703125,0.2979176839192708,-0.8499755859375,0.4021990767990549,1.9444444179534912,198.47083241740862,838.2999877929688,1.6458333333333333,7.5,7,190,0
home,2024-07-09 00:00:00+00,20.543478281601615,12.900000095367432,27.699999809265137,78.65217391304348,56,99,1030.097823433254,1027,1031.5,-0.4782608695652174,-3.25,-0.9326092263926631,-3.8499755859375,0.558574885615836,2.0972222685813904,206.67608633767003,825.0499877929688,1.7826086956521738,7.5,7,191,0
home,2024-07-10 00:00:00+00,22.412499884764355,13.299999713897705,30.100000381469727,63.604166666666664,39,89.5,1028.5333251953125,1027.5499877929688,1030.1499633789062,0.18124898274739584,-0.85003662109375,0.3812459309895833,-1.04998779296875,0.565972222170482,1.805555522441864,239.21041551232338,829.8999938964844,2.0416666666666665,7.5,7,192,1
home,2024-07-11 00:00:00+00,23.077083309491474,15.299999713897705,29.649999618530273,72.25,52.5,99,1027.9229227701824,1025.6000366210938,1029.7999877929688,-0.48332977294921875,-1.89996337890625,-0.8854090372721354,-2.5,0.5237268527659277,1.6527777910232544,215.68749907116094,814.8999938964844,1.7916666666666667,7.5,7,193,0
home,2024-07-12 00:00:00+00,20.564583381017048,13.549999713897705,26.850000381469727,73.20833333333333,49,99,1025.0249926249187,1023.5,1025.7999877929688,-0.035418192545572914,-1.10003662109375,-0.1937535603841146,-2.54998779296875,0.6174768526107073,1.7916666269302368,221.86875050514936,837.6000061035156,1.9166666666666667,8,7,194,0
home,2024-07-13 00:00:00+00,18.13333336512248,12.100000381469727,23.050000190734863,81,65,98,1024.660422007243,1023.3500061035156,1025.6000366210938,-0.1208343505859375,-1.149993896484375,-0.22916412353515625,-1.600006103515625,0.3634259292545418,1.5416666269302368,117.55208371890087,413.3500061035156,0.9166666666666666,3.5,7,195,0
home,2024-07-14 00:00:00+00,21.59375,13.849999904632568,29.09999942779541,68.85416666666667,42,99,1024.1208368937175,1023.0500183105469,1025.2999877929688,0.027081807454427082,-1.14996337890625,0.07707722981770833,-1.149993896484375,0.5121527781399587,1.7361111044883728,233.39374886763594,816.4499816894531,2.0208333333333335,7.5,7,196,0
home,2024-07-15 00:00:00+00,22.693749964237213,14.299999713897705,29.850000381469727,62.5625,36,88,1024.702075958252,1023.5499877929688,1026.3500366210938,0.15625,-0.89996337890625,0.27083587646484375,-1.10003662109375,0.5405092604147891,1.9444444477558136,208.5270834248513,778.8500061035156,1.7291666666666667,7,7,197,0
home,2024-07-16 00:00:00+00,21.575000007947285,15.900000095367432,28.40000057220459,75.47916666666667,42,94.5,1027.8083318074544,1026.25,1029.3500366210938,0.37291717529296875,-1,0.7479146321614584,-1.20001220703125,0.49131944791103405,1.944444477558136,180.46666509720185,777.2999877929688,1.5,7,7,198,0
home,2024-07-17 00:00:00+00,22.42500001192093,15.400000095367432,29.199999809265137,72.91666666666667,48.5,95.5,1029.6083272298176,1028.25,1030.4000244140625,0.11458333333333333,-1.29998779296875,0.2854207356770833,-1.70001220703125,0.6961805494502187,2.041666626930237,220.87291862567267,789.7000122070312,1.8958333333333333,7.5,7,199,0
home,2024-07-18 00:00:00+00,24.54999993244807,15.25,32.25,64.60416666666667,36,93.5,1030.0958302815754,1029.1499633789062,1031.0999755859375,0.033337910970052086,-0.89996337890625,0.10833485921223958,-1.20001220703125,0.6892361106971899,2.5,193.70833452542624,819.2000122070312,1.6041666666666667,7,7,200,0
home,2024-07-19 00:00:00+00,25.829166730244953,18.550000190734863,34.29999923706055,59.354166666666664,31,84,1028.8437576293945,1027.0999755859375,1030.4000244140625,-0.32500457763671875,-1.60003662109375,-0.5895843505859375,-2.45001220703125,0.6296296288880209,3.041666626930237,225.49166507522264,799.8999938964844,1.9375,7,7,201,0
home,2024-07-20 00:00:00+00,25.12291665871938,17.100000381469727,33.54999923706055,61.333333333333336,30.5,84,1022.2458343505859,1019.3999938964844,1026.5,-1.0166651407877605,-2.149993896484375,-2.0625,-3.750030517578125,0.7430555569007993,2.9027777910232544,218.70833551883698,763.6500244140625,1.875,7,7,202,0
home,2024-07-21 00:00:00+00,20.24791669845581,12.849999904632568,25.40000057220459,63.729166666666664,44.5,87.5,1023.8708356221517,1019.3500061035156,1030.5,1.3374989827473958,-0.29998779296875,2.4229151407877603,-1.25,1.0428240682619314,3.9583332538604736,176.20416651169458,845.6499938964844,1.4583333333333333,7.5,7,203,0
home,2024-07-22 00:00:00+00,20.21458335717519,10.950000286102295,28.050000190734863,59.625,42.5,80.5,1031.4333318074544,1030.199951171875,1033.25,0.3479156494140625,-0.54998779296875,0.8354136149088541,-0.60003662109375,0.7384259204069773,2.1388888359069824,226.9437500834465,810.75,2,7.5,7,204,0
home,2024-07-23 00:00:00+00,23.639583468437195,12.899999618530273,32.45000076293945,55.1875,32,83.5,1032.989580790202,1031.8499755859375,1033.6499633789062,0.0666656494140625,-0.9000244140625,0.12708282470703125,-1.4500732421875,0.6099537063079575,2.194444417953491,224.87708208958307,803.6499938964844,1.9583333333333333,7.5,7,205,0
home,2024-07-24 00:00:00+00,24.379166682561237,16.200000762939453,32.54999923706055,63.3125,38,91,1025.94375483195,1022.9000244140625,1033.0499877929688,-1.2145779927571614,-6.050048828125,-2.358325958251953,-7.25,0.6406250023283064,4.847222208976746,221.51458245515823,790.6000061035156,1.9166666666666667,7.5,7,206,0
home,2024-07-25 00:00:00+00,23.700000127156574,16.149999618530273,31.25,67.5625,43.5,93,1021.091667175293,1019.25,1023.3000183105469,-0.3770853678385417,-1.4000244140625,-0.7687530517578125,-2.350006103515625,0.649884259638687,1.9444444179534912,220.96874805291495,804.3999938964844,1.8958333333333333,7.5,7,207,0
home,2024-07-26 00:00:00+00,23.86666663487752,17,31.5,63.5,36,93,1021.3499959309896,1020.0999755859375,1022.8000183105469,0.22500101725260416,-0.9000244140625,0.39791615804036456,-1.45001220703125,0.8304398149872819,2.6666667461395264,214.5250005722046,765.8999938964844,1.7916666666666667,7,7,208,0
home,2024-07-27 00:00:00+00,24.216666618982952,15.75,32.69999885559082,56.375,32.5,88,1023.5833282470703,1022.2000122070312,1026.3499755859375,0.4333330790201823,-0.600006103515625,0.7812461853027344,-0.499969482421875,0.8304398253870507,4.652777910232544,221.24999902645746,805.3499755859375,1.9583333333333333,7.5,7,209,0
home,2024-07-28 00:00:00+00,24.20624989271164,15.800000190734863,31.90000057220459,50.0625,31.5,74,1027.1854095458984,1026.199951171875,1027.800048828125,0.17916361490885416,-0.75,0.48125457763671875,-0.9000244140625,0.765046297882994,2.541666626930237,209.44791694482169,755,1.7708333333333333,7,7,210,0
home,2024-07-29 00:00:00+00,25.54791671037674,16.049999713897705,35.05000114440918,43.208333333333336,20,68,1026.6520919799805,1024.800048828125,1027.75,-0.0833282470703125,-1.35003662109375,-0.17083231608072916,-2.40008544921875,0.5468750017074248,1.9861111044883728,213.42083096504211,789.0499877929688,1.8125,7,7,211,0
home,2024-07-30 00:00:00+00,26.96458339691162,18,35.44999885559082,42.833333333333336,26.5,66.5,1025.2166633605957,1023.7999877929688,1026.550048828125,-0.1708348592122396,-1.4000244140625,-0.30416615804036456,-2.3499755859375,0.7175925928167999,2.194444417953491,196.06875047584376,777,1.625,7,7,212,0
home,2024-07-31 00:00:00+00,26.181249976158142,16.449999809265137,36.14999961853027,39.833333333333336,21.5,58.5,1023.2500012715658,1021.5,1024.5999755859375,-0.26666895548502606,-1.499969482421875,-0.6020863850911459,-2.29998779296875,0.7557870441426834,3.0972222089767456,214.63958110411963,780.3499755859375,1.8333333333333333,7,7,213,0
home,2024-08-01 00:00:00+00,26.508333285649616,17.649999618530273,35.14999961853027,51.4375,28,81.5,1022.175001780192,1020.1499938964844,1023.4500122070312,-0.18958282470703125,-1.899993896484375,-0.3374989827473958,-2.9000244140625,0.6325231472340723,1.6111111044883728,204.18750099341074,773.8500061035156,1.6875,7,8,214,1
home,2024-08-02 00:00:00+00,22.01249998807907,14,31.299999237060547,73.27083333333333,39.5,99,1022.2208366394043,1017.8000183105469,1026.9000244140625,0.529168446858724,-2.149993896484375,1.0875015258789062,-2.999969482421875,0.7222222224809229,2.4583333134651184,186.2354163726171,720.8999938964844,1.6041666666666667,6.5,8,215,0
home,2024-08-03 00:00:00+00,21.399999996026356,12.550000190734863,29,70.47916666666667,48,98,1027.281255086263,1026.25,1028.8999633789062,0.3354136149088542,-0.60003662109375,0.5645802815755209,-1,0.661458334264656,2.1388888359069824,215.79791633288065,790.9500122070312,1.8125,7,8,216,0
home,2024-08-04 00:00:00+00,23.043749908606213,14.649999618530273,31.300000190734863,66.16666666666667,32,94.5,1028.3312555948894,1026.7999877929688,1029.25,-0.01041412353515625,-1.300048828125,0.037506103515625,-2.35003662109375,0.4577546332341929,1.944444477558136,210.0437480111917,813.7999877929688,1.7916666666666667,7,8,217,0
home,2024-08-05 00:00:00+00,24.162500143051147,15.349999904632568,33.45000076293945,68.85416666666667,33.5,93,1026.9520772298176,1025.4000244140625,1028.0999755859375,-0.17708587646484375,-1.300048828125,-0.32083892822265625,-1.75006103515625,0.7934027758116523,3.3611111640930176,215.36041795710722,800.5,1.8125,7,8,218,0
home,2024-08-06 00:00:00+00,25.108333230018616,17.350000381469727,32.249999046325684,63.291666666666664,34,89,1026.3958333333333,1024.8500366210938,1027.1500244140625,-0.039578755696614586,-1.14996337890625,-0.13124593098958334,-1.699951171875,0.618055561867853,2.263888895511627,202.720833837986,736.1000061035156,1.7083333333333333,7,8,219,0
home,2024-08-07 00:00:00+00,24.0270832379659,18.199999809265137,31.100000381469727,66.1875,36,90.5,1028.0604248046875,1026.199951171875,1029.4500122070312,0.2937469482421875,-0.99993896484375,0.5833282470703125,-1.5999755859375,0.6718750017074248,2.944444417953491,204.8249997496605,768.6499938964844,1.7083333333333333,7,8,220,0
home,2024-08-08 00:00:00+00,25.197916666666668,16.600000381469727,33.85000038146973,61.458333333333336,29,88,1030.006253560384,1028.8999633789062,1031.5999755859375,0.2708333333333333,-0.6500244140625,0.5020853678385416,-1,0.49479166930541396,1.958333358168602,204.14999868472418,788.6499938964844,1.7291666666666667,7,8,221,0
home,2024-08-09 00:00:00+00,25.483333349227905,17.600000381469727,33.64999961853027,62.854166666666664,33.5,91.5,1028.7499872843425,1025.699951171875,1032.6499633789062,-0.43541717529296875,-6.00006103515625,-0.8395843505859375,-6.75,0.5341435186564922,2.3472222089767456,190.88750014205775,782.5499877929688,1.5833333333333333,7,8,222,0
home,2024-08-10 00:00:00+00,25.989583333333332,18.600000381469727,33.64999961853027,59.166666666666664,35,85,1026.9000040690105,1025.8500366210938,1027.800048828125,-0.14166259765625,-1,-0.25416310628255206,-1.6500244140625,0.7934027730176846,3.4583333134651184,207.62916805470982,782.9500122070312,1.75,7,8,223,0
home,2024-08-11 00:00:00+00,25.458333293596905,18.299999237060547,33.35000038146973,63.166666666666664,35,88.5,1024.0687510172527,1022.6999816894531,1026.0499877929688,-0.4791717529296875,-1.20001220703125,-0.9020894368489584,-1.850006103515625,0.8912037081706027,2.9027777910232544,209.63333252320686,762.6000061035156,1.7708333333333333,7,8,224,0
home,2024-08-12 00:00:00+00,24.604166666666668,16.899999618530273,33.60000038146973,65.70833333333333,34.5,90.5,1025.0041669209797,1021.3500061035156,1027.75,0.4395853678385417,-1.45001220703125,0.9333368937174479,-1.70001220703125,0.5752314759107927,2.541666626930237,195.48749729432166,766.9499816894531,1.6458333333333333,7,8,225,1
home,2024-08-13 00:00:00+00,18.591666559378307,16.000000476837158,24.350000381469727,78.375,53,99,1025.6125005086262,1023.9999694824219,1027.7000122070312,-0.17291768391927084,-2.95001220703125,-0.4333343505859375,-3.450042724609375,0.299189814987282,1.75,47.737500150998436,328.1000061035156,0.22916666666666666,3,8,226,1
home,2024-08-14 00:00:00+00,17.589583317438763,14.799999713897705,21.100000381469727,91.41666666666667,77,99,1026.3375066121419,1024.949951171875,1028.5,0.4020843505859375,-0.89996337890625,0.6666692097981771,-1.20001220703125,0.11516203669210275,0.5972222089767456,74.71458317277332,536.3499908447266,0.5208333333333334,5,8,227,0
home,2024-08-15 00:00:00+00,17.943750083446503,13.75,23.65000057220459,87.10416666666667,58.5,99,1029.3666712443035,1027.8500366210938,1030.6499633789062,0.22083028157552084,-0.5,0.6020787556966146,-0.54998779296875,0.2783564856896798,1.0000000298023224,93.91249931852023,569.3499908447266,0.6666666666666666,5,8,228,0
home,2024-08-16 00:00:00+00,19.29791663090388,12.650000095367432,24.549999237060547,78.45833333333333,58,99,1029.8312530517578,1028.9500122070312,1030.75,-0.022913614908854168,-1.29998779296875,-0.022913614908854168,-0.800048828125,0.41898148429269594,1.2916666567325592,96.3708325823148,479.70001220703125,0.7083333333333334,4.5,8,229,1
home,2024-08-17 00:00:00+00,19.899999976158142,13.599999904632568,28.399999618530273,79.35416666666667,45,99,1027.9520721435547,1026,1029.4500122070312,-0.4083353678385417,-1.60003662109375,-0.8083368937174479,-3.14996337890625,0.58796296066915,1.9027777910232544,154.89791669448218,578.0500106811523,1.2916666666666667,5.5,8,230,1
home,2024-08-18 00:00:00+00,19.406250019868214,14.449999809265137,26.449999809265137,85.91666666666667,57,99,1025.2770881652832,1023.8999938964844,1026.5499877929688,-0.06666310628255208,-1.5,-0.1937433878580729,-1.89996337890625,0.5248842649161816,2.5,154.72291776537895,795.1000061035156,1.3125,7,8,231,0
home,2024-08-19 00:00:00+00,18.747916638851166,11.25,26.5,71.66666666666667,42.5,99,1025.4791615804036,1024.2999877929688,1026.6499633789062,0.029164632161458332,-1,0.039576212565104164,-1.199951171875,0.48784722325702506,1.8888888955116272,182.3375008702278,697.3500061035156,1.5208333333333333,6,8,232,0
home,2024-08-20 00:00:00+00,20.010416706403095,10.900000095367432,29.5,62.916666666666664,36,91.5,1026.6833419799805,1025.3500366210938,1029.3500366210938,0.3500010172526042,-0.8499755859375,0.6062545776367188,-1.04998779296875,0.5387731463027498,1.9444444477558136,181.38333382209143,708.6499938964844,1.5,6.5,8,233,0
home,2024-08-21 00:00:00+00,20.395833392937977,12.5,29,67.22916666666667,41.5,92,1028.8854166666667,1027.5499877929688,1029.9500122070312,-0.07500203450520833,-1.4000244140625,0.02500152587890625,-2.25006103515625,0.56655093220373,2.6666667461395264,180.77916675806046,714.3500061035156,1.5,6.5,8,234,1
home,2024-08-22 00:00:00+00,21.633333404858906,13.300000190734863,31.550000190734863,73.08333333333333,40.5,99,1026.9729131062825,1024.75,1028.3500366210938,-0.06458282470703125,-1.4000244140625,-0.2145843505859375,-2.5,0.6695601834605137,3,187.17499828338623,691.3999938964844,1.6041666666666667,6.5,8,235,1
home,2024-08-23 00:00:00+00,20.031250099341076,14.800000190734863,30.350000381469727,86.04166666666667,48.5,99,1027.724998474121,1025.6499633789062,1029.199951171875,-0.2562510172526042,-3,-0.47708892822265625,-3.199951171875,0.34490740780408186,1.9444444179534912,146.88124990463257,764.3500061035156,1.2083333333333333,7,8,236,1
home,2024-08-24 00:00:00+00,21.82708328962326,14.050000190734863,29.449999809265137,73.89583333333333,39.5,99,1025.1604169209797,1023.25,1026.9500122070312,0.0812530517578125,-1.29998779296875,0.016675313313802082,-2,0.546296297882994,2.3888888359069824,167.59791792432466,732.9000244140625,1.3958333333333333,7,8,237,0
home,2024-08-25 00:00:00+00,19.602083265781403,14.300000190734863,24.800000190734863,85.4375,69,99,1027.3374989827473,1026.4500122070312,1028.0999755859375,0.0583343505859375,-0.95001220703125,0.28749847412109375,-1.25006103515625,0.510416665735344,1.6944444179534912,126.47708278894424,532.6499938964844,0.9791666666666666,4.5,8,238,0
home,2024-08-26 00:00:00+00,20.495833337306976,13.900000095367432,26.84999942779541,81.91666666666667,61,99,1026.1666717529297,1024.800048828125,1027.0999755859375,-0.13125101725260416,-1.3499755859375,-0.2875010172526042,-1.95001220703125,0.642939812814196,2.5972222089767456,184.61041856805483,761.0500183105469,1.5416666666666667,7,8,239,0
home,2024-08-27 00:00:00+00,22.304166893164318,15.549999713897705,28.40000057220459,78.4375,49,98,1026.15416208903,1024.8499755859375,1028.2000122070312,0.227081298828125,-1.20001220703125,0.37916310628255206,-1.54998779296875,0.4346064821196099,1.5000000298023224,169.15000053246817,878.2000122070312,1.3958333333333333,8,8,240,0
home,2024-08-28 00:00:00+00,21.895833333333332,16.75,28.149999618530273,81.52083333333333,57,99,1028.035420735677,1027.199951171875,1029.4500122070312,0.15833536783854166,-0.8499755859375,0.31250254313151044,-1.050048828125,0.47974537157764036,2.055555582046509,144.1354177792867,583.6500244140625,1.1458333333333333,5.5,8,241,0
home,2024-08-29 00:00:00+00,21.23333344856898,15,28.90000057220459,71.6875,32,99,1028.8125,1027.550048828125,1029.800048828125,-0.029169718424479168,-1.54998779296875,0.07291412353515625,-2.20001220703125,0.4635416691501935,1.6527777910232544,160.72291607471803,694.25,1.3541666666666667,6.5,8,242,0
home,2024-08-30 00:00:00+00,21.337500075499218,14.050000190734863,28.199999809265137,65.875,36,91.5,1028.3562520345051,1027.1499633789062,1029.25,-0.10416666666666667,-1,-0.21041361490885416,-1.95001220703125,0.4971064883284271,1.763888955116272,167.34166651777923,699.7000122070312,1.4166666666666667,6.5,8,243,0
home,2024-08-31 00:00:00+00,21.14166659116745,15.75,27.149999618530273,68.27083333333333,38,97.5,1027.9583358764648,1027,1028.9000244140625,-0.11458079020182292,-1.1500244140625,-0.20833333333333334,-1.70001220703125,0.4484953776312371,1.7083333730697632,150.47083266576132,754.1499938964844,1.2083333333333333,7,8,244,1
home,2024-09-01 00:00:00+00,18.116666714350384,13.849999904632568,24.300000190734863,80.97916666666667,58,99,1026.318748474121,1024.75,1027.4000244140625,-0.08541615804036458,-1.35003662109375,-0.19375101725260416,-2.25006103515625,0.35069444713493186,1.5,84.5833322306474,384.29998779296875,0.625,3.5,9,245,1
home,2024-09-02 00:00:00+00,17.47708324591319,12.450000286102295,24.449999809265137,91.95833333333333,61,99,1025.5666681925456,1024.4500122070312,1026.3500366210938,-0.054168701171875,-0.9500732421875,-0.18541717529296875,-1.7000732421875,0.22800925839692354,1.25,90.82083273927371,515.3499908447266,0.6875,4.5,9,246,1
home,2024-09-03 00:00:00+00,15.29583328962326,12.349999904632568,18.699999809265137,96.95833333333333,86,99,1026.5458348592122,1025.550048828125,1028.2000122070312,0.1125030517578125,-1.85003662109375,0.21666717529296875,-2.4000244140625,0.19502314707885185,0.8888888768851757,48.029166693488754,187.3499984741211,0.3333333333333333,1.5,9,247,1
home,2024-09-04 00:00:00+00,13.529166658719381,9.300000190734863,18.34999942779541,97.14583333333333,83.5,99,1023.8916651407877,1021.5999755859375,1026.5,-0.6375007629394531,-2.20001220703125,-1.2604153951009114,-3.5,0.25578704103827477,1.347222238779068,47.23749961952368,276.74999237060547,0.25,2,9,248,0
home,2024-09-05 00:00:00+00,13.58750002582868,6.450000047683716,19,82.91666666666667,62.5,99,1021.4895833333334,1020.8500061035156,1022.0499877929688,-0.06458409627278645,-1.0999755859375,-0.0770861307779948,-1.450042724609375,0.5052083361273011,1.9722222685813904,150.38124987483025,526.3500061035156,1.25,5,9,249,1
home,2024-09-06 00:00:00+00,15.17500009139379,12.150000095367432,18.200000762939453,98.04166666666667,90,99,1020.5250040690104,1019.4500122070312,1021.5499877929688,-0.0625012715657552,-1.149993896484375,-0.12291590372721355,-1.499969482421875,0.10185185307636857,0.4444444589316845,29.320833384990692,143.9000015258789,0.125,1,9,250,0
home,2024-09-07 00:00:00+00,18.254166682561237,14.25,24.449999809265137,74.6875,45,99,1021.8875020345052,1019.9500122070312,1024.0499877929688,0.37708409627278644,-0.5999755859375,0.681250254313151,-1.399993896484375,0.5121527761220932,2.3472222089767456,147.50625058511892,755.8500061035156,1.25,7,9,251,0
home,2024-09-08 00:00:00+00,16.652083317438763,10.849999904632568,22.950000762939453,76.25,57.5,97,1022.552084604899,1020.3500061035156,1024,-0.016667683919270832,-1.949981689453125,-0.11875025431315105,-2.350006103515625,0.540509257465601,2.4166666865348816,138.02916660904884,759.9499816894531,1.1041666666666667,7,9,252,0
home,2024-09-09 00:00:00+00,16.785416622956593,9.650000095367432,23.5,64.125,48,89.5,1025.7083358764648,1023.8999938964844,1027.5,0.4500020345052083,-0.25,0.9854164123535156,6.103515625e-05,0.804398154374212,2.5972222089767456,145.3062500357628,608.5500183105469,1.2083333333333333,5.5,9,253,0
home,2024-09-10 00:00:00+00,15.358333319425583,7.549999952316284,23.050000190734863,75.27083333333333,58,95.5,1026.441665649414,1025.3999633789062,1027.2000122070312,-0.1999994913736979,-1.20001220703125,-0.28749847412109375,-1.29998779296875,0.5214120326563716,1.9861110746860504,151.45416512712836,680.3500061035156,1.25,6,9,254,0
home,2024-09-11 00:00:00+00,14.545833349227905,8.299999713897705,20.40000057220459,83.04166666666667,62.5,99,1024.8166669209797,1022.8999938964844,1025.9000244140625,-0.27916844685872394,-1.800018310546875,-0.5062472025553385,-1.800018310546875,0.4004629653257628,2.055555582046509,142.99791684560478,680.6499938964844,1.2083333333333333,6,9,255,0
home,2024-09-12 00:00:00+00,14.489583233992258,9.899999618530273,20.149999618530273,62.6875,27.5,97.5,1022.9229176839193,1021.25,1025.4000244140625,0.22500228881835938,-1.9000244140625,0.16458257039388022,-2.650054931640625,1.1429398165394862,2.7916666865348816,110.5479167997837,768.4500122070312,0.8333333333333334,7,9,256,0
home,2024-09-13 00:00:00+00,12.214583416779837,4.950000047683716,18.350000381469727,44.333333333333336,29.5,63.5,1029.3458353678386,1025.1500244140625,1032.9500122070312,0.9395802815755209,-0.2999267578125,1.9604136149088542,0.1500244140625,0.8796296236105263,2.055555522441864,147.9374999900659,655.25,1.1875,5.5,9,257,0
home,2024-09-14 00:00:00+00,11.685416728258133,2.899999976158142,20.800000190734863,53.833333333333336,28.5,72.5,1031.0145772298176,1029.5999755859375,1032.699951171875,-0.3729146321614583,-1.4000244140625,-0.5999984741210938,-2.300048828125,0.5630787073945006,2.541666626930237,149.06458460291228,638.5500183105469,1.2083333333333333,5.5,9,258,0
home,2024-09-15 00:00:00+00,13.272916580239931,3.3000000715255737,23.149999618530273,51,29,70.5,1027.7749938964844,1026.5499877929688,1029.3499755859375,-0.2854207356770833,-1.0999755859375,-0.6541697184244791,-1.79998779296875,0.44965277922650176,1.8055555820465088,145.36874950428805,627.8500061035156,1.1875,5.5,9,259,0
home,2024-09-16 00:00:00+00,16.40625011920929,7,24.950000762939453,42.041666666666664,23.5,61,1025.6270904541016,1024.2000122070312,1027.25,-0.3666636149088542,-1.25,-0.6645787556966146,-1.54998779296875,0.7517361133359373,1.7361111044883728,131.30416544775167,634.6000061035156,1.0416666666666667,5.5,9,260,1
home,2024-09-17 00:00:00+00,14.650000075499216,9.400000095367432,20.09999942779541,68.60416666666667,50,99,1024.0937525431316,1022.75,1026.300048828125,0.1812464396158854,-1.04998779296875,0.23749542236328125,-2.04998779296875,0.8622685228474438,2.305555582046509,136.14999954899153,584.6999816894531,1.1458333333333333,5.5,9,261,1
home,2024-09-18 00:00:00+00,12.76666671037674,9.349999904632568,16.950000762939453,88.85416666666667,68,99,1026.095832824707,1025.2999877929688,1026.9000244140625,0.043749491373697914,-1.10003662109375,0.1562474568684896,-1.199951171875,0.28414352036391693,1.25,84.67083337903023,477.54998779296875,0.625,4,9,262,1
home,2024-09-19 00:00:00+00,13.618749996026358,8.399999618530273,19.75,89.58333333333333,63.5,99,1025.6354166666667,1024.2999877929688,1027.0999755859375,0.010419209798177084,-0.949951171875,0.035418192545572914,-1.29998779296875,0.4380787084810436,1.6944444477558136,108.00416659315427,507.9499969482422,0.8333333333333334,4,9,263,1
home,2024-09-20 00:00:00+00,12.141666571299234,11.400000095367432,12.75,99,99,99,1027.3270899454753,1026.0499877929688,1028.0999755859375,0.1625035603841146,-0.99993896484375,0.2750040690104167,-1,0.029513889147589605,0.1944444477558136,21.514583297694724,100.39999771118164,0.041666666666666664,0.5,9,264,1
home,2024-09-21 00:00:00+00,12.849999984105429,11.899999618530273,14.550000190734863,99,99,99,1026.754170735677,1025.9500122070312,1027.5499877929688,-0.18125152587890625,-1.29998779296875,-0.3062489827473958,-1.54998779296875,0.06655092490836978,0.5833333134651184,21.95416663400829,103.5999984741211,0.041666666666666664,0.5,9,265,1
home,2024-09-22 00:00:00+00,13.412500043710073,10.350000381469727,17.949999809265137,97.66666666666667,86,99,1024.7291653951008,1023.7000122070312,1025.8499755859375,-0.25,-1.600006103515625,-0.5104192097981771,-1.8499755859375,0.1435185185012718,0.6388888955116272,51.59583314259847,387.2999954223633,0.2916666666666667,3,9,266,0
home,2024-09-23 00:00:00+00,12.510416766007742,8.849999904632568,18.550000190734863,90.1875,71.5,99,1023.8937479654948,1022.8500061035156,1024.9000244140625,0.027081807454427082,-0.99993896484375,-0.008333841959635416,-1.349945068359375,0.5410879611348113,2.5,124.3229176402092,498.40000915527344,1,4.5,9,267,0
home,2024-09-24 00:00:00+00,14.070833404858908,9.349999904632568,20.449999809265137,83.02083333333333,57,99,1023.0125045776367,1021.5,1024.5999755859375,-0.010416666666666666,-1.75,-0.058330535888671875,-2.250030517578125,0.6857638855775198,3.25,130.04791632915536,576.2499847412109,1.0625,5,9,268,0
home,2024-09-25 00:00:00+00,15.32708336909612,8.849999904632568,20.09999942779541,80.6875,58,99,1023.2249997456869,1021.0500183105469,1024.4500122070312,-0.38541539510091144,-1.3499755859375,-0.5541699727376302,-2.149993896484375,0.9357638863536218,3.3472222089767456,117.43541649977367,524.5999908447266,0.9166666666666666,4.5,9,269,0
home,2024-09-26 00:00:00+00,18.085416714350384,13.299999713897705,21.050000190734863,78.35416666666667,66,92.5,1020.141663869222,1019.0499877929688,1021.4500122070312,-0.020833333333333332,-1.75,-0.18749872843424478,-2.949981689453125,0.7245370397965113,2.1388888359069824,55.314583986997604,432.30001068115234,0.3541666666666667,3.5,9,270,0
home,2024-09-27 00:00:00+00,13.649999956289927,9.300000190734863,18.649999618530273,65.89583333333333,43.5,97.5,1022.885415395101,1020.6499938964844,1026.5,0.6229159037272135,-0.70001220703125,1.1791674296061199,-0.800018310546875,0.9646990819213291,2.4166667461395264,127.91875083247821,546.6999969482422,1.0625,5,9,271,0
home,2024-09-28 00:00:00+00,11.21249994635582,5.5,17.649999618530273,71.5,48.5,95,1030.2083358764648,1026.0999755859375,1033.4500122070312,0.8729197184244791,-0.4000244140625,1.7645848592122395,0.1500244140625,0.5844907426896194,3.1111111640930176,123.21458252767722,538.5,1,4.5,9,272,0
home,2024-09-29 00:00:00+00,11.770454385063864,4.099999904632568,19.149999618530273,75.27272727272727,48.5,97.5,1031.3659057617188,1030.0499877929688,1032.75,-0.2863686301491477,-1.39996337890625,-0.4931862571022727,-1.8499755859375,0.4873737377876585,1.9027777314186096,130.59090946479276,537.25,1.0681818181818181,4.5,9,273,0
home,2024-09-30 00:00:00+00,14.420833279689154,7.25,23.550000190734863,76.89583333333333,47.5,95.5,1030.0145772298176,1028.9000244140625,1031.199951171875,-0.2145843505859375,-1.550048828125,-0.40833282470703125,-2.24993896484375,0.43923611224939424,1.9027777910232544,121.30625078082085,530.5,0.9791666666666666,4.5,9,274,0
home,2024-10-01 00:00:00+00,14.685416638851166,8.75,22.550000190734863,83.4375,61,96.5,1024.9416669209797,1022.3500061035156,1028.4500122070312,-0.8229141235351562,-2.04998779296875,-1.6270828247070312,-3.5,0.38657407897214097,1.8055555820465088,104.35416627426942,461.0500030517578,0.7916666666666666,4,10,275,1
home,2024-10-02 00:00:00+00,14.427083313465118,12.400000095367432,17.899999618530273,93.8125,81,99,1018.8104184468588,1015.0499877929688,1021.75,-0.931250254313151,-2,-1.8395830790201824,-3.350006103515625,0.27199074377616245,1.0416666865348816,41.98333332935969,229.5999984741211,0.25,2,10,276,0
home,2024-10-03 00:00:00+00,13.100000123182932,7.599999904632568,19.40000057220459,66.4375,38.5,99,1019.1625022888184,1015.1000061035156,1021.9500122070312,0.75,-0.600006103515625,1.4687512715657551,-1.45001220703125,0.7459490791273614,2,115.45000016192596,509.4499969482422,0.9583333333333334,4.5,10,277,0
home,2024-10-04 00:00:00+00,10.618749966224035,5.1499998569488525,17.199999809265137,77.85416666666667,55,98,1022.5062510172526,1021,1024.3500366210938,0.34166844685872394,-0.949981689453125,0.6333338419596354,-0.850006103515625,0.5624999970508119,1.8472222089767456,112.24166579854985,508.54998779296875,0.8958333333333334,4.5,10,278,0
home,2024-10-05 00:00:00+00,11.447916766007742,5.549999952316284,18.050000190734863,84.20833333333333,62.5,99,1022.5749994913737,1021.0499877929688,1024.0499877929688,-0.3458353678385417,-1.299957275390625,-0.610418955485026,-2.39996337890625,0.3009259266157945,1.2916666865348816,105.41874946157138,496.59999084472656,0.7916666666666666,4.5,10,279,0
home,2024-10-06 00:00:00+00,15.554166773955027,11,21.800000190734863,85.875,68.5,99,1020.7979176839193,1020.1499938964844,1021.6999816894531,-0.0354156494140625,-1.04998779296875,-0.10624949137369792,-1.749969482421875,0.5277777775190771,2.8750000596046448,108.7124996483326,539.1000061035156,0.8541666666666666,5,10,280,1
home,2024-10-07 00:00:00+00,14.043750047683716,10.150000095367432,21.299999237060547,92.95833333333333,64.5,99,1018.954168955485,1014.7999877929688,1020.5,-0.5937512715657552,-4.100006103515625,-1.0208333333333333,-3.100006103515625,0.2453703711119791,0.9027777910232544,51.822916611408196,302.0499954223633,0.375,2.5,10,281,0
home,2024-10-08 00:00:00+00,12.79791671037674,8.400000095367432,17.40000057220459,85.91666666666667,69.5,99,1017.9041659037272,1014.2999877929688,1020.4000244140625,0.38958485921223956,-2.250030517578125,0.6291681925455729,-4.600006103515625,0.8200231480101744,3.1527777910232544,85.69791596755385,473.3999938964844,0.6666666666666666,4,10,282,1
home,2024-10-09 00:00:00+00,15.441666762034098,11.75,19.5,84.6875,68,99,1013.9145800272623,1011.1000061035156,1018.3500061035156,-0.7854181925455729,-2.699981689453125,-1.7458343505859375,-4.25,0.5572916666666666,1.986111044883728,80.38333303543429,478.6000061035156,0.6041666666666666,4,10,283,0
home,2024-10-10 00:00:00+00,12.002083361148834,8.100000381469727,17.5,89.1875,70.5,99,1019.4375038146973,1013.3500061035156,1023.4500122070312,1.2791671752929688,-0.249969482421875,2.6354166666666665,0.79998779296875,0.47453703560555976,1.75,89.18749924128254,428.25,0.6458333333333334,3.5,10,284,0
home,2024-10-11 00:00:00+00,10.437500059604645,6.049999952316284,16.699999809265137,84.08333333333333,58,99,1024.5020891825359,1023.1000061035156,1025.5,0.13125228881835938,-1.29998779296875,0.36041895548502606,-1.20001220703125,0.33275463183720905,1.4027777910232544,103.82916621863842,487.29998779296875,0.8333333333333334,4.5,10,285,0
home,2024-10-12 00:00:00+00,11.36666668454806,7.950000047683716,16.25,90.89583333333333,77,99,1025.087496439616,1023.1999816894531,1028.0499877929688,0.40624745686848956,-1.050018310546875,0.6208292643229166,-1.649993896484375,0.11863425932824612,0.5416666567325592,44.131249924500786,182.8499984741211,0.25,1,10,286,0
home,2024-10-13 00:00:00+00,14.629166622956594,7.75,22.949999809265137,82.79166666666667,55.5,99,1028.7916742960613,1027.8500366210938,1029.9500122070312,0.21250152587890625,-1.0999755859375,0.5770848592122396,-1.04998779296875,0.5231481529772282,2.0972222685813904,92.01458363731702,445.75,0.7083333333333334,4,10,287,1
home,2024-10-14 00:00:00+00,15.235416750113169,11.799999713897705,19.5,92.14583333333333,78,99,1028.40625,1026.7000122070312,1029.4500122070312,-0.25208282470703125,-2,-0.3999989827473958,-1.800048828125,0.14351851912215352,0.5,35.8104165494442,135.04999542236328,0.16666666666666666,1,10,288,1
home,2024-10-15 00:00:00+00,15.662500003973642,11.849999904632568,22.25,90.47916666666667,65,99,1023.8312454223633,1022.0999755859375,1026.0999755859375,-0.622918446858724,-2.1500244140625,-1.3437512715657551,-2.60003662109375,0.3223379653257628,0.8888888955116272,34.08541650573412,208.5999984741211,0.125,1.5,10,289,1
home,2024-10-16 00:00:00+00,14.416666646798452,12.150000095367432,17.25,96.45833333333333,82.5,99,1022.3250007629395,1021,1023.7999877929688,0.1437505086263021,-1.100006103515625,0.24791717529296875,-1.100006103515625,0.09664351772516966,0.777777761220932,54.79791707793871,318.5500030517578,0.3333333333333333,2.5,10,290,1
home,2024-10-17 00:00:00+00,10.904166668653488,7.1499998569488525,14.200000286102295,98.72916666666667,95.5,99,1024.8895835876465,1020.3999938964844,1030.1500244140625,0.8124987284342448,-1.649993896484375,1.4583346048990886,-2,0.40798611333593726,1.7361111044883728,22.10416681567828,125.0999984741211,0.0625,0.5,10,291,0
home,2024-10-18 00:00:00+00,8.006250003973642,4,13.599999904632568,93.9375,80.5,99,1032.7624944051106,1030.5499877929688,1034.3500366210938,0.47291819254557294,-0.800048828125,1.1479161580403645,-0.20001220703125,0.37557870242744684,1.3888888657093048,48.1145834227403,186.6500015258789,0.2916666666666667,1,10,292,0
home,2024-10-19 00:00:00+00,8.902083312471708,3.1999999284744263,16.600000381469727,89.64583333333333,61.5,99,1034.8874969482422,1033.1499633789062,1036.75,0.36041514078776044,-1.29998779296875,0.6604131062825521,-1,0.3177083362825215,1.1111111640930176,71.40416635076205,418.3999938964844,0.5416666666666666,4,10,293,0
home,2024-10-20 00:00:00+00,6.807142836706979,5.6499998569488525,10.099999904632568,97.28571428571429,90,99,1036.971426827567,1036.0999755859375,1038.3500366210938,0.471435546875,-0.6500244140625,0.4214390345982143,-0.4000244140625,0.20833333368812287,0.5277777723968029,16.21428530556815,85.14999771118164,0.07142857142857142,0.5,10,294,0
home,2024-10-21 00:00:00+00,14.599999968210856,10.100000381469727,18.149999618530273,87.1,72.5,99,1041.2599975585938,1040.2000122070312,1042.0999755859375,0.7933349609375,-0.800048828125,1.9,-0.9000244140625,0.24814815049370129,0.847222238779068,42.96333274841309,142.04999542236328,0.26666666666666666,1,10,295,1
home,2024-10-22 00:00:00+00,12.774999976158142,8.849999904632568,16.799999237060547,95.02083333333333,79,99,1042.9541651407878,1041.5499877929688,1043.9500122070312,0.26666514078776044,-0.6500244140625,0.5125020345052084,-0.60003662109375,0.1244212972621123,0.9444444477558136,48.48541712388396,232,0.22916666666666666,1.5,10,296,0
home,2024-10-23 00:00:00+00,12.65416677792867,8.199999809265137,16.75,95.02083333333333,79,99,1042.62708791097,1041.300048828125,1043.9500122070312,-0.29791259765625,-1.4000244140625,-0.53125,-2.300048828125,0.13541666651144624,1.2916666567325592,62.260416366780795,362.59999084472656,0.3958333333333333,3,10,297,0
home,2024-10-24 00:00:00+00,11.537500003973642,6.6499998569488525,19.350000381469727,89.77083333333333,68,99,1038.8041712443035,1036.4000244140625,1040.75,-0.5729217529296875,-1.5999755859375,-1.0750020345052083,-2.45001220703125,0.3234953706463178,1.8333333134651184,95.15624910593033,453.5,0.7083333333333334,4,10,298,1
home,2024-10-25 00:00:00+00,11.308333307504654,6.400000095367432,16.950000762939453,94.41666666666667,77,99,1034.0125020345051,1032.75,1036,-0.4833323160807292,-1.54998779296875,-1.0895843505859375,-2.85003662109375,0.3443287059975167,1.9444444477558136,63.49583357696732,375.4499969482422,0.4375,3,10,299,1
home,2024-10-26 00:00:00+00,9.172916690508524,5.75,11.949999809265137,98.10416666666667,91,99,1029.7583338419597,1027.5499877929688,1032.1499633789062,-0.3083343505859375,-2.199951171875,-0.7395807902018229,-3.54998779296875,0.16956018470227718,0.9027777910232544,32.012499928474426,203.5500030517578,0.16666666666666666,1.5,10,300,0
home,2024-10-27 00:00:00+00,8.757971027623052,3,14.550000190734863,87.76811594202898,61.5,99,1034.9869517450747,1030.699951171875,1038.5499877929688,1.0260885487432065,-0.0999755859375,2.1021728515625,0.800048828125,0.27153783966449724,1.1388888657093048,72.1652176172837,381.5,0.5217391304347826,3.5,10,301,0
home,2024-10-28 00:00:00+00,12.245833337306976,9.25,15.90000057220459,91.22916666666667,80.5,99,1038.5666758219402,1037.4000244140625,1040,0.18541717529296875,-1.29998779296875,0.3541666666666667,-1.5999755859375,0.21064814878627658,0.7361111044883728,31.502083528166015,154.3000030517578,0.125,1,10,302,0
home,2024-10-29 00:00:00+00,12.4812500278155,7.900000095367432,19.100000381469727,88.52083333333333,68,99,1035.5979181925456,1025.699951171875,1040.75,-1.729169209798177,-11.5,-3.3250020345052085,-12.3499755859375,0.47800925948346656,1.5833333134651184,71.66666699945927,321.4000015258789,0.5,3,10,303,1
home,2024-10-30 00:00:00+00,12.506250043710073,10.5,19.149999618530273,90.3125,66.5,99,1026.1833241780598,1025.2000122070312,1027.5999755859375,0.1520818074544271,-0.70001220703125,0.18332926432291666,-1.20001220703125,0.4091435178803901,1.375,30.216666952396434,263.7000045776367,0.1875,2,10,304,1
home,2024-10-31 00:00:00+00,12.258333305517832,9.849999904632568,17.149999618530273,96.10416666666667,77.5,99,1027.8270823160808,1026.9500122070312,1028.5499877929688,0.07083638509114583,-1,0.25208791097005206,-1.0999755859375,0.15451388930281004,0.5416666567325592,36.67708299060663,208.19999313354492,0.16666666666666666,1.5,10,305,0
home,2024-11-01 00:00:00+00,11.768749952316284,7.6499998569488525,18.399999618530273,89.02083333333333,61,99,1027.083330790202,1026.4500122070312,1027.949951171875,-0.11874898274739583,-1.49993896484375,-0.26875050862630206,-1.39996337890625,0.22453703607122102,0.8472222089767456,55.97916692495346,247.90000534057617,0.375,2,11,306,0
home,2024-11-02 00:00:00+00,10.96458331743876,7.099999904632568,17.600000381469727,87.95833333333333,65,99,1026.3250045776367,1024.9000244140625,1028.8500366210938,0.22083282470703125,-1.45001220703125,0.34375,-2.04998779296875,0.23321759483466545,0.8055555671453476,38.24999966224035,209.09999084472656,0.20833333333333334,1.5,11,307,1
home,2024-11-03 00:00:00+00,10.731249978144964,5.799999952316284,17,93.66666666666667,72,99,1028.8270874023438,1028,1029.75,0.02500152587890625,-1.199951171875,0.1437555948893229,-1.75,0.09432870366921027,0.652777761220932,51.96875008443991,321.40000915527344,0.375,3,11,308,1
home,2024-11-04 00:00:00+00,12.008333325386047,9.400000095367432,16.949999809265137,95.5625,72.5,99,1028.2749989827473,1027.3999633789062,1029.25,-0.10416920979817708,-1.54998779296875,-0.1979242960611979,-1.75,0.1539351848574976,0.6388888955116272,46.64583335941037,354.1499938964844,0.2916666666666667,3,11,309,1
home,2024-11-05 00:00:00+00,11.722916662693024,8.299999713897705,17.300000190734863,95.9375,79.5,99,1027.9458262125652,1026.9500122070312,1029.1499633789062,0.11666615804036458,-1.64996337890625,0.1437505086263021,-1.39996337890625,0.24710648351659378,1.1666666865348816,58.195833176374435,270.8499984741211,0.4166666666666667,2.5,11,310,1
home,2024-11-06 00:00:00+00,10.652083297570547,7.099999904632568,16.699999809265137,95.95833333333333,79.5,99,1029.7583414713542,1028.5999755859375,1030.6500244140625,0.1250025431315104,-1.35003662109375,0.3833414713541667,-1.20001220703125,0.12037036924933393,0.7361110858619213,48.95416662717859,292.5,0.3125,2.5,11,311,1
home,2024-11-07 00:00:00+00,10.160416593154272,6.25,14,95.5,79.5,99,1028.5499903361003,1027.5,1029.5,-0.23542022705078125,-1.25006103515625,-0.5416742960611979,-2,0.09664351865649223,0.4027777761220932,34.01458347340425,147.5,0.125,1,11,312,0
home,2024-11-08 00:00:00+00,9.129166632890701,4.699999809265137,15.650000095367432,94.22916666666667,76,99,1026.533327738444,1025.4500122070312,1027.4000244140625,-0.2312494913736979,-1.699951171875,-0.4270833333333333,-1.9000244140625,0.23379629741733274,0.8888888955116272,60.88541629910469,343.9499969482422,0.4583333333333333,3,11,313,1
home,2024-11-09 00:00:00+00,9.825,4.849999904632568,16.949999809265137,92.475,71.5,99,1026.0825103759767,1025.4000244140625,1027.300048828125,0.150006103515625,-1,0.0975067138671875,-1.199951171875,0.35208333395421504,1.4999999403953552,78.10749980956317,403.6499938964844,0.575,3.5,11,314,0
home,2024-11-17 00:00:00+00,7.927272709933194,4.5,15.100000381469727,92.68181818181819,70,99,1022.081825949929,1021.5,1022.6000061035156,-1.3363702947443181,-5.75,-2.3590947931463067,-5.500030517578125,0.22853535075079312,0.5833333134651184,12.38636373389851,101.4000015258789,0.09090909090909091,1,11,322,0
home,2024-11-18 00:00:00+00,6.772916639844577,3.200000047683716,14,93.6875,75,99,1021.4312502543131,1020.6499938964844,1022.6499938964844,-0.17708460489908853,-1.600006103515625,-0.31250254313151044,-2,0.23668981793647012,1.4583333730697632,59.14166619007786,319.3999938964844,0.4375,3,11,323,0
home,2024-11-19 00:00:00+00,7.560416708389918,2.25,16.350000381469727,90.02083333333333,62,99,1019.1770820617676,1017.3500061035156,1020.75,-0.39375050862630206,-2.149993896484375,-0.7312494913736979,-2.600006103515625,0.43518518609926105,1.8888888955116272,58.22291624546051,317.9499969482422,0.4166666666666667,3,11,324,0
home,2024-11-20 00:00:00+00,7.404166653752327,3.950000047683716,12.75,92.95833333333333,78.5,99,1015.672918955485,1014.4000244140625,1017.1999816894531,-0.09375,-1.75,-0.41874949137369794,-3.25,0.49421296796451014,1.5,46.497916688521705,234.4000015258789,0.3125,2,11,325,0
home,2024-11-21 00:00:00+00,8.445833360155424,3.799999952316284,12,84.95833333333333,70.5,99,1011.7375030517578,1007.5499877929688,1016.8000183105469,-1.1541671752929688,-3.449981689453125,-2.152085622151693,-5.500030517578125,0.7743055534859499,2.1527777910232544,50.60000031193098,256.9500045776367,0.2916666666666667,2,11,326,0
home,2024-11-22 00:00:00+00,7.262500017881393,1.050000011920929,11.849999904632568,68.1875,37,92.5,1017.4104131062826,1007.7000122070312,1026.5,2.3187522888183594,-0.3499755859375,4.418749491373698,-0.5999755859375,1.1574074048548937,2.944444417953491,59.504166930913925,310.5,0.4166666666666667,2.5,11,327,0
home,2024-11-23 00:00:00+00,5.020833309739828,-0.4000000134110451,11.699999809265137,86.72916666666667,63.5,97.5,1027.9916712443035,1026.2999877929688,1029.4000244140625,0.3708343505859375,-1.800048828125,0.9020894368489584,-1.45001220703125,0.4114583347303172,2.180555522441864,55.99166664481163,321.6499938964844,0.375,3,11,328,0
home,2024-11-24 00:00:00+00,8.227083305517832,4.549999952316284,12.25,95.27083333333333,87,99,1028.7208302815754,1027,1030.25,-0.23333740234375,-1.75,-0.33542124430338544,-2.10003662109375,0.25173611209417385,0.8888888955116272,28.985416457057,114.44999694824219,0.125,1,11,329,1
home,2024-11-25 00:00:00+00,8.7312500278155,4.950000047683716,12.450000286102295,97.9375,89.5,99,1024.0479164123535,1021.25,1026.75,-0.5374984741210938,-2.79998779296875,-1.2458330790201824,-4.300018310546875,0.3009259281679988,1.1805555522441864,17.447916482885677,104.29999923706055,0.041666666666666664,0.5,11,330,0
home,2024-11-26 00:00:00+00,5.539583330353101,2.399999976158142,10.299999713897705,96.04166666666667,84.5,99,1025.8479194641113,1023.6000061035156,1026.8999633789062,0.3999989827473958,-0.949951171875,0.9020830790201823,-1,0.28587963261331123,1.7083333730697632,45.82499914367994,281.29998779296875,0.2708333333333333,2.5,11,331,0
home,2024-11-27 00:00:00+00,4.812499989755452,-0.2500000074505806,13.450000286102295,89.35416666666667,64,99,1027.162498474121,1025.25,1029.300048828125,0.34583791097005206,-1,0.6395848592122396,-1.3499755859375,0.3634259244427085,0.7361111044883728,56.5416657688717,294.8999938964844,0.375,2,11,332,0
home,2024-11-28 00:00:00+00,6.202083338052034,0.8499999940395355,16.300000190734863,82,49,96,1028.7291590372722,1027.7000122070312,1029.6499633789062,-0.039586385091145836,-1.54998779296875,-0.041666666666666664,-1.8499755859375,0.39236111069719,0.6527777910232544,52.40416612724463,290.59999084472656,0.3541666666666667,2,11,333,0
home,2024-11-29 00:00:00+00,7.8208332906166715,2.450000047683716,18.449999809265137,78.33333333333333,46.5,91.5,1028.1666666666667,1026.9000244140625,1030,0.1395848592122396,-1.25,0.19791666666666666,-1.95001220703125,0.414930556435138,1.0000000298023224,55.827083552877106,290.1999969482422,0.375,2,11,334,0
home,2024-11-30 00:00:00+00,7.145833358168602,3.100000023841858,15.700000286102295,85.72916666666667,62.5,99,1029.7625071207683,1029,1031.3500366210938,-0.08333587646484375,-1.79998779296875,-0.09583282470703125,-2.300048828125,0.31828703669210273,0.847222238779068,51.14583291237553,273.6499938964844,0.3333333333333333,2,11,335,0
home,2024-12-01 00:00:00+00,6.866666619976361,2.5999999046325684,14.099999904632568,91.79166666666667,73.5,99,1027.881253560384,1026.4500122070312,1028.7999877929688,-0.15833536783854166,-1.79998779296875,-0.33541615804036456,-2.24993896484375,0.33622685245548684,0.708333358168602,50.57916654770573,259.1499938964844,0.3333333333333333,2,12,336,0
home,2024-12-02 00:00:00+00,8.179166704416275,4.349999904632568,15.699999809265137,86.35416666666667,58,98.5,1025.2437489827473,1023.3500061035156,1027.5999755859375,-0.47499847412109375,-2.45001220703125,-0.9083379109700521,-3.199981689453125,0.37384259250635904,1.9444444589316845,43.920832554499306,294.54998779296875,0.2916666666666667,2.5,12,337,0
home,2024-12-03 00:00:00+00,5.3437500322858495,1.949999988079071,10.099999904632568,96.04166666666667,83,99,1022.4145800272623,1020.6999816894531,1023.8999938964844,-0.3791669209798177,-1.9000244140625,-0.7291653951009115,-2.350006103515625,0.19560185059284171,1.0416666567325592,41.56874958301584,257.7999954223633,0.25,2,12,338,0
home,2024-12-04 00:00:00+00,4.335416675855716,0.3500000089406967,11.700000286102295,88,66,99,1024.3416735331218,1020.2000122070312,1028.4500122070312,0.8937517801920573,-0.8499755859375,1.6937497456868489,-1.39996337890625,0.32928240469967324,1.0138888955116272,51.77291616611183,274.7999954223633,0.3541666666666667,2,12,339,0
home,2024-12-05 00:00:00+00,5.897916689515114,2.149999976158142,13.349999904632568,68.41666666666667,51.5,84,1027.866663614909,1027.1499633789062,1028.7000122070312,-0.08541615804036458,-1,-0.0625,-1.45001220703125,0.33680555953954655,0.6527777910232544,49.17291627327601,244.1999969482422,0.3333333333333333,2,12,340,0
home,2024-12-06 00:00:00+00,8.09583335618178,3.4000000953674316,15,79.9375,64.5,91.5,1026.2020797729492,1025.25,1027,-0.15000152587890625,-1.79998779296875,-0.31874847412109375,-2.70001220703125,0.383101853231589,1.347222238779068,43.010416169961296,228.79999542236328,0.2916666666666667,2,12,341,0
home,2024-12-07 00:00:00+00,5.624999994877726,0.15000000223517418,11.349999904632568,82.70833333333333,51.5,99,1019.2770792643229,1013.0999755859375,1025.5,-1.4416669209798176,-5.300018310546875,-2.591668446858724,-5.850006103515625,0.7795138855775198,2.194444417953491,35.11666693290075,235.35000610351562,0.16666666666666666,1.5,12,342,0
home,2024-12-08 00:00:00+00,2.682608680718619,0.05000000074505806,5.549999952316284,70.71739130434783,54,85.5,1013.734779689623,1012.6499938964844,1014.4500122070312,-0.09347799549932065,-4.10003662109375,-0.6173905082370924,-5,1.0766908213820146,2.5972222089767456,29.252173859140147,199.4499969482422,0.10869565217391304,1.5,12,343,0
home,2024-12-09 00:00:00+00,2.1119047836178826,-1.449999988079071,7.450000047683716,73.45238095238095,51,87,1014.4714268275669,1012.5,1016.5500183105469,0.30476306733630953,-1.60003662109375,0.6214308965773809,-1.449981689453125,0.43187830827775453,1.0833333134651184,45.56428611846197,271.25000762939453,0.30952380952380953,2,12,344,0
home,2024-12-10 00:00:00+00,1.2600000011424224,-2.049999952316284,5.950000047683716,80.8,64.5,93.5,1017.4433369954427,1016.1499938964844,1018.7000122070312,0.416668701171875,-0.35003662109375,0.863336181640625,-0.04998779296875,0.6314814786116282,1.7361111044883728,69.42666641871135,264.3500061035156,0.36666666666666664,2,12,345,0
home,2024-12-11 00:00:00+00,1.7035714302744185,0.75,2.6999999284744263,98.35714285714286,95.5,99,1023.164284842355,1022.4000244140625,1024.0499877929688,1.1571393694196428,-0.5,2.3607068743024553,0.249969482421875,0.18055555384073937,1.055555522441864,23.007142433098384,92.69999694824219,0,0,12,346,1
home,2024-12-12 00:00:00+00,2.606249986216426,-0.800000011920929,5.8999998569488525,97.33333333333333,89.5,99,1023.7166620890299,1022.9500122070312,1024.2999877929688,0.024997711181640625,-1.149993896484375,0.056247711181640625,-1.29998779296875,0.1313657412926356,0.4027777761220932,19.091666471213102,119.24999618530273,0.020833333333333332,0.5,12,347,0
home,2024-12-13 00:00:00+00,3.3083333262863257,-0.7000000178813934,8.349999904632568,94.875,76.5,99,1024.6145858764648,1022.9500122070312,1026.75,0.3250020345052083,-1.0999755859375,0.5854225158691406,-1.199951171875,0.16377315002804002,0.6805555522441864,32.36875029404958,154.1500015258789,0.16666666666666666,1,12,348,0
home,2024-12-14 00:00:00+00,1.502083316911012,-2.200000047683716,8.899999618530273,88.875,56.5,99,1027.6687622070312,1026.2999877929688,1029.7999877929688,0.36458587646484375,-1.2999267578125,0.7041702270507812,-1.4000244140625,0.5341435216056803,1.6249999403953552,53.34999958674113,260.2000045776367,0.3541666666666667,2,12,349,0
home,2024-12-15 00:00:00+00,0.8437500127280751,-2.5,7.650000095367432,87.16666666666667,67,97,1033.0479151407878,1029.3500366210938,1037.3499755859375,0.9624989827473959,-0.24993896484375,1.89166259765625,0.3499755859375,0.3721064841374755,1.0416666567325592,45.54375019669533,267.6000061035156,0.2916666666666667,2,12,350,0
home,2024-12-16 00:00:00+00,2.2520833859841027,-2.4499999284744263,11.150000095367432,83.3125,59,94,1037.8125025431316,1036.1499633789062,1039.7999877929688,-0.07708485921223958,-2.25,0.056248982747395836,-2.949951171875,0.40798611209417385,0.8888888955116272,49.556250323851906,266.3500061035156,0.3333333333333333,2,12,351,0
home,2024-12-17 00:00:00+00,3.3520833326814077,-1.649999976158142,12.049999713897705,75.10416666666667,50,87,1032.9875030517578,1030.9500122070312,1035.5499877929688,-0.6791636149088541,-2.050048828125,-1.395830790201823,-3.0999755859375,0.43113425637905795,0.777777761220932,46.679166654745735,266.9499969482422,0.3125,2,12,352,0
home,2024-12-18 00:00:00+00,7.166666649281979,1.4999999403953552,16.399999618530273,74.33333333333333,47.5,91.5,1029.1291758219402,1025.1500244140625,1031.0999755859375,-0.65625,-2.29998779296875,-1.1187489827473958,-3.14996337890625,0.3906250026387473,0.8055555820465088,50.54999975363413,272.34999084472656,0.3333333333333333,2,12,353,0
home,2024-12-19 00:00:00+00,9.37916668256124,6,13.900000095367432,61.479166666666664,38,88,1020.2812538146973,1017.1000061035156,1024.1500244140625,-0.5833358764648438,-2.699981689453125,-1.5479202270507812,-4.9000244140625,1.6359953650583823,3.2638888359069824,48.345832953850426,263.84999084472656,0.3333333333333333,2,12,354,0
home,2024-12-20 00:00:00+00,4.937499973302086,-1.550000011920929,10.5,47.395833333333336,32.5,65.5,1025.4729143778484,1021.7999877929688,1028.3500366210938,0.8625030517578125,-0.95001220703125,1.8291676839192708,-0.10003662109375,1.760995377941678,6.43055534362793,48.735416223605476,271.25,0.3333333333333333,2,12,355,0
home,2024-12-21 00:00:00+00,3.522222236626678,-2.200000047683716,11.849999904632568,61.833333333333336,50,85,1028.5750054253472,1027.5,1029.7000122070312,0.1444430881076389,-1.300048828125,0.2111138237847222,-1.20001220703125,0.5308642006582684,1.25,60.48055551615026,243.25,0.3888888888888889,2,12,356,0
home,2024-12-23 00:00:00+00,3.6999999929685146,-0.6000000238418579,7.049999952316284,46.40625,29,64.5,1022.7312526702881,1020.3500061035156,1024.75,-0.8312530517578125,-7.60003662109375,-1.5437507629394531,-9.050018310546875,1.4930555599275976,4.805555582046509,69.843749076128,268.8999938964844,0.5,2,12,358,0
home,2024-12-24 00:00:00+00,4.485416700442632,1.550000011920929,8.800000190734863,75.4375,49,89,1025.9333356221516,1023.6499938964844,1028.4500122070312,0.460418701171875,-0.79998779296875,0.8833287556966146,-0.900054931640625,0.6597222206182778,1.6944444179534912,21.21666692321499,106.20000076293945,0.0625,1,12,359,0
home,2024-12-25 00:00:00+00,6.902083322405815,3.9499999284744263,13.349999904632568,86.4375,69,97,1030.1020812988281,1028.4000244140625,1031.3500366210938,0.29999542236328125,-1.4000244140625,0.6645838419596354,-0.800048828125,0.3310185216056804,1.1111111640930176,50.86874936024348,273.6999969482422,0.3333333333333333,2,12,360,0
home,2024-12-26 00:00:00+00,5.956249991121392,0.05000000447034836,12.650000095367432,89.77083333333333,70.5,99,1031.2124913533528,1030.1000366210938,1032.7000122070312,0.241668701171875,-1.20001220703125,0.3854166666666667,-1.60003662109375,0.27951388992369175,1.2083333730697632,47.23124978567163,273.6499938964844,0.3125,2,12,361,0
home,2024-12-27 00:00:00+00,2.658333339728415,-2.150000035762787,12.100000381469727,77.1875,43.5,99,1032.8000030517578,1031.75,1033.8500366210938,-0.022916158040364582,-1.9000244140625,0.10625203450520833,-1.9000244140625,0.42245370289310813,0.7361111044883728,50.19791648412744,276.8999938964844,0.3333333333333333,2,12,362,0
home,2024-12-28 00:00:00+00,3.2041666608614228,-1.7999999523162842,13.400000095367432,68.35416666666667,41,82,1031.25208791097,1029.9000244140625,1032.1500244140625,-0.133331298828125,-2,-0.3312479654947917,-2.10003662109375,0.48668980939934653,0.7638888955116272,48.77916670342287,278.8999938964844,0.3333333333333333,2,12,363,0
home,2024-12-29 00:00:00+00,3.3104166500270367,-1.5,13.299999713897705,66.72916666666667,39.5,81,1030.939582824707,1029.7999877929688,1031.7000122070312,0.029164632161458332,-1.6500244140625,0.029162089029947918,-1.54998779296875,0.5248842599491278,1.0416666865348816,51.38333308696747,280.6499938964844,0.3541666666666667,2,12,364,0
home,2024-12-30 00:00:00+00,2.987500014870117,-1.9999999403953552,13.300000190734863,66.52083333333333,40,80.5,1031.2395909627278,1029.9500122070312,1031.9500122070312,0.0270843505859375,-1.8499755859375,0.0416717529296875,-1.699951171875,0.5005787014961243,0.7916666567325592,47.71041673918565,281.6999969482422,0.3333333333333333,2,12,365,0
home,2024-12-31 00:00:00+00,2.397916678339243,-1.899999976158142,11.5,72.27083333333333,48.5,87.5,1032.1833267211914,1031.0999755859375,1033.25,0.16666412353515625,-1.45001220703125,0.33124542236328125,-1.45001220703125,0.38715277581165236,0.9027777910232544,49.620833575725555,280.90000915527344,0.3541666666666667,2,12,366,0
home,2025-01-01 00:00:00+00,1.6604166712301474,-2.3000000715255737,11,76.08333333333333,51.5,87.5,1031.0249989827473,1029.1500244140625,1032.8500366210938,-0.4354146321614583,-2.04998779296875,-0.7291641235351562,-2.2999267578125,0.4398148162290454,1.819444477558136,49.20000007748604,277.8000030517578,0.3541666666666667,2,1,1,0
home,2025-01-02 00:00:00+00,2.3541666766007743,-2.899999976158142,9.800000190734863,76.625,54,86,1026.1187489827473,1024.3499755859375,1028.5999755859375,-0.5854161580403646,-2.75,-1.2708358764648438,-3.35003662109375,0.3680555539516111,1.7222222089767456,49.86249971886476,266.5,0.3541666666666667,2,1,2,0
home,2025-01-03 00:00:00+00,3.41458332988744,-0.20000000670552254,9.450000286102295,79.25,56.5,92,1022.7749977111816,1021.2000122070312,1024.25,-0.18750127156575522,-2,-0.4499982198079427,-2.6500244140625,0.23553240966672698,0.958333358168602,35.570833402996264,179.5,0.22916666666666666,1.5,1,3,0
home,2025-01-04 00:00:00+00,3.516666643011073,-0.5000000149011612,11.349999904632568,89.47916666666667,67.5,99,1022.2208353678385,1020.5500183105469,1023.6499938964844,-0.3062477111816406,-1.79998779296875,-0.4208323160807292,-1.75,0.10185185276592772,0.4444444477558136,39.99375001589457,291.4499969482422,0.1875,2,1,4,0
home,2025-01-05 00:00:00+00,4.166666677842538,0.6500000059604645,11,91.125,71.5,99,1015.0604184468588,1011.4500122070312,1019.8000183105469,-1.1291669209798176,-2.79998779296875,-2.3124987284342446,-4.100006103515625,0.32002314754451316,0.8472222089767456,42.95208358267943,237.85000610351562,0.25,1.5,1,5,0
home,2025-01-06 00:00:00+00,6.245833312471707,2.25,11.699999809265137,86.97916666666667,68,96,1009.9791679382324,1008.5,1013.5,0.09583155314127605,-1.70001220703125,-0.10625330607096355,-2.850006103515625,0.682291669305414,3.555555582046509,39.120833337306976,227.9000015258789,0.22916666666666666,1.5,1,6,0
home,2025-01-07 00:00:00+00,1.754166669677943,-0.9000000059604645,7.550000190734863,83.5,65,97,1018.1624984741211,1013.6499938964844,1020.6999816894531,0.966668446858724,-1.04998779296875,2.1458333333333335,-0.300018310546875,0.5491898126589755,2.361111104488373,47.306250125169754,297.75,0.3541666666666667,2.5,1,7,0
home,2025-01-08 00:00:00+00,6.179166701311867,-1.0499999821186066,13.449999809265137,78.64583333333333,54,99,1018.4229202270508,1016.2000122070312,1020.7000122070312,-0.46250025431315106,-1.75,-0.9374987284342448,-3.20001220703125,0.9108796205061177,2.4027777910232544,44.63541712363561,337.90000915527344,0.3125,2.5,1,8,0
home,2025-01-09 00:00:00+00,6.906250012417634,1.8499999642372131,12.699999809265137,79.29166666666667,64,91,1019.9249992370605,1015.8500061035156,1023.9499816894531,0.8791643778483073,-1.100006103515625,1.6854146321614583,-0.750030517578125,0.7991898218169808,1.9027777910232544,53.349999487400055,316.59999084472656,0.375,3,1,9,0
home,2025-01-10 00:00:00+00,5.72083330899477,1.4500000476837158,12.649999618530273,84,63.5,99,1023.6333376566569,1022.7000122070312,1024.4000244140625,-0.08541488647460938,-1.250030517578125,0.035419464111328125,-1.4000244140625,0.48032407416030765,1.5138888955116272,56.499999741713204,314.1999969482422,0.3958333333333333,2.5,1,10,0
home,2025-01-11 00:00:00+00,7.639583334326744,2.850000023841858,12.800000190734863,66.8125,29,99,1021.822915395101,1020,1023.7999877929688,0.056248982747395836,-1.850006103515625,-0.11875279744466145,-2.899993896484375,1.5908564759107928,4.208333253860474,50.35416689515114,261.5500030517578,0.3333333333333333,2,1,11,0
home,2025-01-13 00:00:00+00,-4.233333349227905,-4.450000047683716,-4.099999904632568,65.5,62.5,70,1030.3000081380208,1030.0999755859375,1030.5,6.70001220703125,6.29998779296875,7.766682942708333,7.100067138671875,0.17592593158284822,0.4027777910232544,0,0,0,0,1,13,0
home,2025-01-14 00:00:00+00,-0.45000003029902774,-4.8500001430511475,9.399999618530273,57.166666666666664,30.5,76.5,1029.5458297729492,1028.0999755859375,1031,-0.1479212443033854,-2.300048828125,0.5749969482421875,-2.9000244140625,0.4814814811882873,0.9444444477558136,52.84166619181633,333.09999084472656,0.3541666666666667,3,1,14,0
home,2025-01-15 00:00:00+00,1.5229166747691731,-4.6000001430511475,9.849999904632568,54.104166666666664,31.5,73.5,1026.2354100545247,1024.0499877929688,1029.25,-0.53125,-2.60003662109375,-1.1625010172526042,-3.5,0.47164351772516966,0.8472221940755844,56.889583518107735,305.9499969482422,0.3958333333333333,2.5,1,15,0
home,2025-01-16 00:00:00+00,2.072916676911215,-3.75,6.950000047683716,62.604166666666664,51.5,71.5,1027.3937505086262,1024.9500122070312,1030.1000366210938,0.6270853678385416,-1.20001220703125,1.2395858764648438,-0.95001220703125,0.6707175923511386,2.430555522441864,44.55625050266584,284.3000030517578,0.2708333333333333,2.5,1,16,0
home,2025-01-17 00:00:00+00,2.2375000212341547,-2.700000047683716,9.400000095367432,71.04166666666667,50.5,85.5,1030.1479085286458,1028.7999877929688,1031.75,-0.06041717529296875,-1.75,0.058329264322916664,-2.45001220703125,0.576388888216267,1.8055555820465088,57.71666624148687,304.6499938964844,0.375,2.5,1,17,0
home,2025-01-18 00:00:00+00,1.5979166775941849,-4.0000001192092896,10.650000095367432,59.520833333333336,32,78.5,1026.0687510172527,1024.1500244140625,1028.199951171875,-0.5999959309895834,-2.5,-1.2124913533528645,-3.04998779296875,0.5920138889923692,1.5833333134651184,53.968750566244125,325.15000915527344,0.4166666666666667,3,1,18,0
home,2025-01-19 00:00:00+00,2.8270833576098084,-2.399999976158142,8.349999904632568,70.75,53.5,89,1022.1291656494141,1020.7000122070312,1023.5499877929688,-0.3458366394042969,-1.750030517578125,-0.76458740234375,-2.3499755859375,0.36979166759798926,1.1666666865348816,37.20208282272021,192.3499984741211,0.20833333333333334,1.5,1,19,0
home,2025-01-20 00:00:00+00,0.5999999994581396,-2.399999976158142,7.450000286102295,82.0909090909091,58,94.5,1019.2795451771129,1018.0499877929688,1021.2000122070312,-0.38636363636363635,-1.649993896484375,-0.7977281050248579,-2.0999755859375,0.49558081359348516,1.6111111640930176,24.240908991206776,123.5999984741211,0.13636363636363635,1,1,20,1
home,2025-01-21 00:00:00+00,3.3187499890724816,-3.0500000715255737,8.850000381469727,87.08333333333333,67,99,1017.139581044515,1015.75,1018.5999755859375,-0.3833325703938802,-2,-0.7145830790201823,-2.64996337890625,0.22453703948607048,0.9583333730697632,37.16666650772095,193.1500015258789,0.16666666666666666,1.5,1,21,1
home,2025-01-22 00:00:00+00,7.793749968210856,5.199999809265137,11.900000095367432,92.89583333333333,75.5,99,1014.4250005086263,1013,1015.3500061035156,-0.11458333333333333,-2.050018310546875,-0.3333320617675781,-2.0999755859375,0.42013888930281,1.5000000298023224,36.04999992251396,286.5,0.22916666666666666,2.5,1,22,0
home,2025-01-23 00:00:00+00,7.304166734218597,1.899999976158142,12.550000190734863,90.58333333333333,75.5,99,1018.3062540690104,1014.5500183105469,1022.75,0.935418446858724,-0.5,1.7583338419596355,-0.20001220703125,0.5254629640839994,1.25,51.38541715964675,325.95001220703125,0.3125,2.5,1,23,0
home,2025-01-24 00:00:00+00,5.4520833836868405,0.2500000074505806,13.200000286102295,90.875,71,99,1021.4770812988281,1020.1000061035156,1022.7000122070312,-0.2895851135253906,-1.449981689453125,-0.36458587646484375,-1.800018310546875,0.491898148941497,1.944444477558136,54.15000000409782,296.25,0.3541666666666667,2.5,1,24,0
home,2025-01-25 00:00:00+00,4.768749982118607,1.149999976158142,10.75,92.29166666666667,74,99,1018.1583340962728,1015.4000244140625,1020.1499938964844,-0.047916412353515625,-2.3499755859375,-0.29374949137369794,-3.04998779296875,0.4016203721985221,1.6111111044883728,36.85416626930237,158.4499969482422,0.1875,1,1,25,0
home,2025-01-26 00:00:00+00,4.933333343515794,-0.7999999821186066,11.350000381469727,80.45833333333333,54,95,1019.5229174296061,1016.4499816894531,1022.2000122070312,-0.3812510172526042,-4,-0.45625050862630206,-4.000030517578125,0.5752314805674056,2.236111104488373,55.62291717529297,309.3000030517578,0.375,3,1,26,1
home,2025-01-27 00:00:00+00,8.031249980131784,5.900000095367432,10.700000286102295,93.89583333333333,70.5,99,1012.1208343505859,1007.6000061035156,1015.5499877929688,-0.8687489827473959,-3.199981689453125,-2.014581044514974,-3.899993896484375,0.8443287035139898,4.041666626930237,21.19791667163372,148.3499984741211,0.08333333333333333,1,1,27,0
home,2025-01-28 00:00:00+00,4.770833310981591,1.5999999642372131,6.950000047683716,68.625,46,86.5,1014.7104123433431,1010.3999938964844,1020.4499816894531,1.2666664123535156,0.14996337890625,2.4708328247070312,0.749969482421875,1.296296311231951,2.4166667461395264,42.72291643420855,246.14999389648438,0.2916666666666667,2,1,28,0
home,2025-01-29 00:00:00+00,3.6791666311522326,-1.550000011920929,7.799999713897705,75.95833333333333,59,90,1017.5020802815756,1013.5,1021.5499877929688,-0.7541669209798177,-3.249969482421875,-1.2895838419596355,-5.649993896484375,0.5410879609795908,2.569444477558136,51.497917453447975,242.65000915527344,0.375,2,1,29,0
home,2025-01-30 00:00:00+00,2.9395833487311998,-1.5,8.550000190734863,85.97916666666667,68.5,98,1016.9416707356771,1012.75,1024.6500244140625,1.2937507629394531,-0.949981689453125,2.2520853678385415,-1.499969482421875,0.5300925953003267,1.9027777910232544,65.48541674514611,346.09999084472656,0.4583333333333333,3,1,30,0
home,2025-01-31 00:00:00+00,2.0125000000310442,-2.149999976158142,9.799999713897705,85.5,63,98,1026.2666702270508,1024.7000122070312,1027.699951171875,0.2458318074544271,-1.39996337890625,0.875,-1.9000244140625,0.5410879629974564,2.097222149372101,72.1416667997837,364.8000030517578,0.5416666666666666,3,1,31,0
home,2025-02-01 00:00:00+00,1.3145833412806194,-1.699999988079071,5.300000190734863,89.66666666666667,75.5,98,1023.1270840962728,1021.6000061035156,1025.4500122070312,-0.4812482198079427,-1.6500244140625,-0.9687512715657552,-2.550048828125,0.3275462961755693,0.777777761220932,40.88333296775818,220.75,0.20833333333333334,1.5,2,32,0
home,2025-02-02 00:00:00+00,1.735416661016643,-2.649999976158142,8.349999904632568,84.66666666666667,64.5,97,1021.4374974568685,1019.75,1024.0999755859375,0.18749872843424478,-1.29998779296875,0.19374847412109375,-2.20001220703125,0.49768518656492233,1.5416666865348816,60.42916637659073,278.25,0.4166666666666667,2,2,33,0
home,2025-02-03 00:00:00+00,2.7875000229105353,-2.399999976158142,11.650000095367432,78.45833333333333,48,94.5,1025.6041666666667,1024.0999755859375,1028.3500366210938,0.5208358764648438,-0.95001220703125,1.0583356221516926,-0.45001220703125,0.6383101826844116,1.75,72.86875024437904,371.8999938964844,0.5416666666666666,3,2,34,0
home,2025-02-04 00:00:00+00,3.0270833638496697,-3.299999952316284,13.599999904632568,69.04166666666667,42.5,85,1029.2604217529297,1027.8500366210938,1032.3499755859375,0.4874979654947917,-1,0.9499994913736979,-1.04998779296875,0.6076388869745036,1.5416666865348816,73.1291671494643,361.75,0.5416666666666666,3,2,35,0
home,2025-02-05 00:00:00+00,3.750000053861489,-2.25,13.800000190734863,68.75,35,89.5,1033.0875066121419,1032.25,1033.8499755859375,0.1875,-1.300048828125,0.5166651407877604,-1.45001220703125,0.640046294623365,1.6944444179534912,76.04166610663135,368.6499938964844,0.5625,3,2,36,0
home,2025-02-06 00:00:00+00,3.0208333392317095,-2.549999952316284,12.25,75.0625,48.5,90,1029.6958312988281,1025.8499755859375,1033.0999755859375,-0.8812510172526041,-2.3499755859375,-1.635419209798177,-3.5999755859375,0.6030092601043483,1.5555555820465088,76.26458280098934,370.6499938964844,0.5833333333333334,3.5,2,37,1
home,2025-02-07 00:00:00+00,1.687499997516473,-3.6999999284744263,5.799999952316284,88.66666666666667,76,99,1022.1708386739095,1019.7000122070312,1025.4500122070312,-0.7999979654947916,-2.199981689453125,-1.6645787556966145,-3.450042724609375,0.2540509255292515,1.0138888955116272,40.924999768535294,299.75,0.2708333333333333,2.5,2,38,1
home,2025-02-08 00:00:00+00,2.2395833202948174,-1.699999988079071,6.5,86.83333333333333,59,99,1021.2083371480306,1017.5499877929688,1025.8500366210938,0.710418701171875,-1.800018310546875,1.2458343505859375,-2.600006103515625,0.6186342663131654,1.4166666865348816,50.26250001788139,256.2999954223633,0.3125,2.5,2,39,0
home,2025-02-09 00:00:00+00,1.8124999875823657,-3.5,8.449999809265137,82.66666666666667,63,93.5,1026.7604268391926,1025.9500122070312,1027.5,0.1999994913736979,-1.04998779296875,0.49375152587890625,-1.14996337890625,0.395833332867672,1.25,71.17291642228763,422.0500030517578,0.4583333333333333,4,2,40,0
home,2025-02-10 00:00:00+00,5.960416659712791,1.300000011920929,12,86.1875,61.5,97.5,1025.1458333333333,1023.8500061035156,1026.8500366210938,-0.3812510172526042,-1.45001220703125,-0.7583338419596354,-2.399993896484375,0.3171296327685316,1.5416666865348816,82.03749937315781,414.40000915527344,0.625,4,2,41,1
home,2025-02-11 00:00:00+00,5.0541666348775225,1.550000011920929,7.75,96.16666666666667,87.5,99,1021.8999951680502,1020.5,1023.6999816894531,-0.40000152587890625,-1.600006103515625,-0.7895863850911459,-2.149993896484375,0.3119212972621123,1.2083333730697632,37.70000026623408,185.4000015258789,0.20833333333333334,1.5,2,42,1
home,2025-02-12 00:00:00+00,4.416666621963183,1.2999999523162842,6.549999952316284,98.5,90.5,99,1019.2104174296061,1017.75,1020.8500061035156,-0.052083333333333336,-1.600006103515625,-0.20416641235351562,-2.5,0.101273147854954,0.7361111044883728,22.17083341876666,85.20000076293945,0.041666666666666664,0.5,2,43,0
home,2025-02-13 00:00:00+00,4.397916669026017,0.25,10.25,95.95833333333333,84,99,1021.3520901997884,1020.5500183105469,1022.4500122070312,0.08750025431315105,-1.550018310546875,0.2937482198079427,-1.600006103515625,0.2818287067736189,1.7361111044883728,89.3645839591821,447.40000915527344,0.6875,4,2,44,0
home,2025-02-14 00:00:00+00,6.720833321412404,1.350000023841858,14.449999809265137,86.8125,63.5,99,1019.7416648864746,1018.3500061035156,1020.8000183105469,-0.14791742960611978,-1.600006103515625,-0.40416717529296875,-2,0.468750001086543,1.9444444179534912,94.20416622360547,428.74998474121094,0.7083333333333334,3.5,2,45,0
home,2025-02-15 00:00:00+00,6.162500001490116,1.5,10.449999809265137,93.8125,83.5,99,1018.577086130778,1017,1020,-0.30208079020182294,-1.75,-0.5395787556966146,-2.649993896484375,0.40856481188287336,1.8472222089767456,64.89791624248028,414.8999938964844,0.4583333333333333,3.5,2,46,0
home,2025-02-16 00:00:00+00,6.995833337306976,1.8499999642372131,14.349999904632568,89.20833333333333,68,99,1017.2604128519694,1016.0499877929688,1019.1499938964844,0.1687469482421875,-1.100006103515625,0.2770792643229167,-1.750030517578125,0.4398148146768411,1.7777777910232544,84.93333347452183,412.5,0.6875,3.5,2,47,0
home,2025-02-17 00:00:00+00,8.043749988079071,2.4000000953674316,15.599999904632568,80.35416666666667,51.5,97,1019.7770843505859,1018.6000061035156,1021.3500061035156,0.2666676839192708,-1,0.5979181925455729,-1.04998779296875,0.5862268513689438,2.444444417953491,86.43750100955367,433.6999969482422,0.625,3.5,2,48,0
home,2025-02-18 00:00:00+00,6.2354166855414705,1.449999988079071,11.850000381469727,90.0625,75,98.5,1019.9458338419596,1018.5499877929688,1021.2999877929688,-0.022917429606119793,-1.350006103515625,-0.1687494913736979,-1.70001220703125,0.33622684997196,1.8888888955116272,87.75833239965141,375.1999969482422,0.6666666666666666,3.5,2,49,0
home,2025-02-19 00:00:00+00,6.231249985595544,1.800000011920929,13,87.72916666666667,72,99,1023.9312477111816,1020.8500061035156,1027.7000122070312,0.8229179382324219,-0.449981689453125,1.6520843505859375,0.25,0.2708333345750968,1.6527777910232544,63.81874974196156,268,0.4375,2,2,50,0
home,2025-02-20 00:00:00+00,7.166666616996129,3.25,13.400000095367432,91.75,74.5,99,1028.689577738444,1027.300048828125,1029.9500122070312,0.27708180745442706,-1.2000732421875,0.6416600545247396,-1.3499755859375,0.35243055581425625,1.8333333134651184,81.00624977548917,415.75,0.5833333333333334,3.5,2,51,0
home,2025-02-21 00:00:00+00,6.443750033775966,4.25,9,96.9375,89.5,99,1027.022913614909,1024.3999633789062,1029.7000122070312,-0.6062494913736979,-2.0999755859375,-1.1229146321614583,-3.45001220703125,0.273726854318132,1.444444477558136,32.381249859929085,174.1500015258789,0.125,1,2,52,1
home,2025-02-22 00:00:00+00,6.752083390951157,5.25,8.450000286102295,99,99,99,1024.5708274841309,1023.2999877929688,1027.6499633789062,0.30833180745442706,-1.25,0.41041310628255206,-2.100006103515625,0.034722222636143364,0.25,26.16250003874302,121,0.10416666666666667,1,2,53,0
home,2025-02-23 00:00:00+00,6.0999999816219015,1.4000000357627869,13.549999713897705,89.8125,62.5,99,1030.408332824707,1027.3500366210938,1032.5999755859375,0.6125030517578125,-1.20001220703125,1.3770904541015625,-1.60003662109375,0.36284722077349824,2.291666626930237,90.22499959667523,461.25,0.7083333333333334,4,2,54,0
home,2025-02-24 00:00:00+00,5.7958333641290665,0.75,12.25,90.9375,72,99,1028.537503560384,1025.75,1031.9500122070312,-0.7624994913736979,-2.29998779296875,-1.414581298828125,-3,0.41087963214764994,1.5416666865348816,77.2833335896333,359.6000061035156,0.5416666666666666,3.5,2,55,0
home,2025-02-25 00:00:00+00,6.083333340783914,1.7999999523162842,11.450000286102295,83.875,49.5,99,1022.8395843505859,1021.4500122070312,1025.1499633789062,-0.15416971842447916,-2.699981689453125,-0.5770886739095052,-4.350006103515625,0.662037042590479,2.0972222089767456,70.12708393236001,314.00000762939453,0.5,2.5,2,56,0
home,2025-02-26 00:00:00+00,3.7791666806054613,-1.5,10,76.25,54.5,94.5,1024.5916659037273,1023.3500061035156,1025.5499877929688,-0.0666656494140625,-1.449951171875,0.014586130777994791,-2.199981689453125,0.7152777758116523,2.8888888359069824,101.93958338101704,413.5500030517578,0.8125,4,2,57,0
home,2025-02-27 00:00:00+00,4.254166706465185,-1.8499999642372131,10.849999904632568,79.6875,61.5,93.5,1022.716667175293,1021.3500061035156,1024.0500183105469,-0.1729151407877604,-1.70001220703125,-0.4125010172526042,-2,0.33854166759798926,1.0138888955116272,72.9854167898496,239.39999389648438,0.5,2,2,58,1
home,2025-02-28 00:00:00+00,4.86458332138136,-0.25,10.299999713897705,87.875,69.5,99,1021.3854166666666,1019.75,1022.9500122070312,-0.28125,-2.0999755859375,-0.47916412353515625,-3.100006103515625,0.37442130021130043,1.125,71.50208406150341,408.15000915527344,0.5208333333333334,3.5,2,59,1
home,2025-03-01 00:00:00+00,3.6708333479861417,0.550000011920929,9.449999809265137,96.41666666666667,75,99,1020.5958353678385,1019.0499877929688,1023.1500244140625,0.27500152587890625,-1.45001220703125,0.4354197184244792,-1.550018310546875,0.18055555565903583,1.0138888955116272,60.297917107741036,410.5500030517578,0.4375,3.5,3,60,1
home,2025-03-02 00:00:00+00,4.200000010430813,1.050000011920929,7.8500001430511475,86.64583333333333,72,99,1025.052080790202,1023.1999816894531,1026.4000244140625,0.39583079020182294,-1,0.9124933878580729,-0.74993896484375,0.3767361114732921,1.7638888955116272,39.36666661500931,182.79999542236328,0.16666666666666666,1,3,61,0
home,2025-03-03 00:00:00+00,6.4124999940395355,4.5,9.550000190734863,86.70833333333333,78,93.5,1025.4791717529297,1024.7000122070312,1026.5499877929688,-0.1291681925455729,-1.5999755859375,-0.22083028157552084,-1.74993896484375,0.2540509259949128,0.5,27.172916412353516,132.0999984741211,0.125,1,3,62,0
home,2025-03-04 00:00:00+00,7.381249979138374,2.450000047683716,12.650000095367432,82.10416666666667,57,99,1024.5895830790203,1023.3000183105469,1025.5999755859375,0.047917683919270836,-1.399993896484375,0.018747965494791668,-1.900054931640625,0.3246527772086362,0.8888888955116272,82.44999978939693,416.1999969482422,0.6458333333333334,4,3,63,0
home,2025-03-05 00:00:00+00,6.322222207983335,0.6500000059604645,13.150000095367432,79.40972222222223,48.5,97,1024.7194442749023,1023.9000244140625,1025.5,-0.10208384195963542,-1.25006103515625,-0.2041651407877604,-1.5999755859375,0.5781250026904875,2.708333373069763,108.92222115397453,544.1499938964844,0.8125,5,3,64,0
home,2025-03-06 00:00:00+00,6.77708334227403,3.600000023841858,11.449999809265137,83.9375,63,96.5,1022.9187520345052,1021.8000183105469,1024.4000244140625,-0.3416633605957031,-1.5,-0.5958328247070312,-1.899993896484375,0.37673611209417385,1.180555522441864,61.76458283762137,285.99999237060547,0.4375,2,3,65,1
home,2025-03-07 00:00:00+00,7.239583392937978,5.25,9.599999904632568,93.5625,80.5,99,1018.864584604899,1016.25,1021.4500122070312,-0.647918701171875,-1.9000244140625,-1.2645848592122395,-2.850006103515625,0.16145833410943547,0.6111111044883728,34.16666666790843,191.70000457763672,0.125,1.5,3,66,1
home,2025-03-08 00:00:00+00,7.885416676600774,7.3500001430511475,8.349999904632568,99,99,99,1012.3916676839193,1007.9499816894531,1015.75,-1.0145848592122395,-2,-1.9437522888183594,-3.350006103515625,0.4131944460483889,1.180555522441864,21.335416458547115,134.1999969482422,0.041666666666666664,1,3,67,1
home,2025-03-09 00:00:00+00,5.915972216261758,1.550000011920929,9.800000190734863,95.02083333333333,75,99,1004.9951375325521,1003.1499938964844,1007.1499938964844,-0.24166488647460938,-2.75,-0.7354151407877604,-5.199981689453125,0.4955632683510582,1.8055555820465088,66.51458339310354,299.4499969482422,0.4791666666666667,2.5,3,68,1
home,2025-03-10 00:00:00+00,3.508333329576999,-0.3500000089406967,7.3500001430511475,96.70833333333333,87,99,1007.4375025431315,1005.8000183105469,1009.1499938964844,0.2854156494140625,-1,0.6041666666666666,-1.149993896484375,0.18518518563359976,0.7361111044883728,60.41875007748604,300.0999984741211,0.375,2.5,3,69,1
home,2025-03-11 00:00:00+00,5.841666673620542,2.25,9.199999809265137,93.3125,80.5,99,1006.0833358764648,1004.5,1008.4500122070312,-0.5229148864746094,-2.100006103515625,-0.939581553141276,-2.750030517578125,0.2824074102876087,1.0000000298023224,62.760416865348816,223.85000610351562,0.4166666666666667,2,3,70,1
home,2025-03-12 00:00:00+00,4.606250001738469,0.75,8.25,97.20833333333333,89.5,99,1004.389586130778,1003.75,1005.3000183105469,-0.045833587646484375,-1.1500244140625,-0.21875127156575522,-1.75,0.38310185276592773,2.0972222089767456,75.5333334368964,339,0.5416666666666666,3,3,71,1
home,2025-03-13 00:00:00+00,3.3770833198602,0,7.349999904632568,95.60416666666667,84.5,99,1002.0708325703939,1000.75,1003.8500061035156,-0.3250020345052083,-1.75,-0.6208330790201823,-2.350006103515625,0.22743055721124014,1.1527777910232544,53.658333291610084,194.25,0.3333333333333333,1.5,3,72,1
home,2025-03-14 00:00:00+00,1.2020833371207118,0.2500000074505806,2.75,99,99,99,1004.0812492370605,1001.5,1007.6499938964844,0.6979179382324219,-0.5,1.3083343505859375,-0.600006103515625,0.010416666977107525,0.1666666716337204,42.906249925494194,254.79999542236328,0.22916666666666666,2,3,73,1
home,2025-03-15 00:00:00+00,2.1217391202631206,-1.300000011920929,6.449999809265137,85.19565217391305,53.5,99,1012.1152211064878,1007.6000061035156,1016.3000183105469,1.1369575832201086,-0.04998779296875,2.32391357421875,0.45001220703125,0.4057971035008845,1.2916666865348816,115.8195659764435,597.2000122070312,0.9130434782608695,5,3,74,1
home,2025-03-16 00:00:00+00,1.3937499945362408,-2.899999976158142,7.450000047683716,88.27083333333333,59,99,1017.8604151407877,1016.5499877929688,1019.0499877929688,0.34375,-0.649993896484375,0.7375005086263021,-0.749969482421875,0.41435184873019654,2.138888865709305,88.28958300376932,404.6999969482422,0.6458333333333334,3.5,3,75,1
home,2025-03-17 00:00:00+00,3.0229166744587324,-0.7000000178813934,9.599999904632568,89.22916666666667,60.5,99,1019.6020838419596,1018.7000122070312,1020.6499938964844,0.19999821980794272,-1.300018310546875,0.3729146321614583,-1.499969482421875,0.28298611209417385,1.2083333432674408,112.68541754285495,762.2000122070312,0.9166666666666666,7,3,76,1
home,2025-03-18 00:00:00+00,4.45833336810271,-1.699999988079071,11.800000190734863,86.125,59.5,99,1022.2208379109701,1019.6999816894531,1025.3500366210938,0.568756103515625,-0.95001220703125,1.0958391825358074,-0.850006103515625,0.45543981188287336,2.4999999403953552,112.61041722508769,669.7000122070312,0.9166666666666666,6,3,77,1
home,2025-03-19 00:00:00+00,6.318750008940697,3.5,8.700000286102295,98.97916666666667,98.5,99,1026.2937545776367,1025.1000366210938,1027.4500122070312,0.2874959309895833,-1.20001220703125,0.5937461853027344,-1.29998779296875,0.1579861119389534,1.0138888955116272,27.96250021457672,162.60000228881836,0.10416666666666667,1,3,78,0
home,2025-03-20 00:00:00+00,9.31249996026357,3.5,14.799999713897705,89.70833333333333,74,99,1024.8854230244954,1022.1499938964844,1027.4500122070312,-0.5833346048990885,-1.6500244140625,-1.0104179382324219,-3.00006103515625,0.41377314475054544,1.3472222089767456,105.65208190182845,443.25,0.8125,3.5,3,79,1
home,2025-03-21 00:00:00+00,7.5208333532015486,4.800000190734863,11.099999904632568,94.9375,83,99,1015.0458323160807,1011.9000244140625,1021.3999938964844,-1.0729153951009114,-3.199981689453125,-2.1791661580403647,-5.75,0.3443287070840597,1.1388888955116272,17.38541654869914,98,0.020833333333333332,0.5,3,80,1
home,2025-03-22 00:00:00+00,6.279166693488757,1.800000011920929,10.650000095367432,88.66666666666667,67.5,99,1009.9499969482422,1007.4500122070312,1013.25,-0.5333340962727865,-2.500030517578125,-1.1750017801920574,-3.4000244140625,0.7181713023843864,2.555555582046509,104.4854167898496,582.0499877929688,0.8541666666666666,5.5,3,81,1
home,2025-03-23 00:00:00+00,3.6437500044703484,1.300000011920929,6.450000047683716,97.8125,93.5,99,1010.7312520345052,1009.25,1013.25,0.4145825703938802,-0.95001220703125,0.7562510172526041,-0.64996337890625,0.2586805592291057,1.4166666865348816,58.16666620969772,304.49999237060547,0.3333333333333333,2.5,3,82,1
home,2025-03-24 00:00:00+00,4.330952383223034,1.7999999523162842,8.800000190734863,97.30952380952381,89,99,1016.5904729933966,1013.0999755859375,1020.7999877929688,1.0738089425223214,-0.29998779296875,2.1571408226376487,0.1500244140625,0.39682539605668615,2.791666626930237,74.15238077299935,393.84999084472656,0.5714285714285714,3.5,3,83,0
home,2025-03-25 00:00:00+00,6.250000002483527,1.3499999642372131,12,91.58333333333333,73,99,1022.1749992370605,1020.6000061035156,1023.2000122070312,0.2895825703938802,-0.5,0.7062505086263021,-0.749969482421875,0.54398148211961,2.305555582046509,156.5000001937151,772.7999877929688,1.2916666666666667,7,3,84,0
home,2025-03-26 00:00:00+00,7.316666655242443,1.699999988079071,13.449999809265137,80.72916666666667,56.5,97,1020.7562510172526,1019.5499877929688,1022.3999938964844,-0.30833180745442706,-1.20001220703125,-0.6333325703938802,-1.8499755859375,0.9241898219722012,2.236111104488373,145.51458330949148,820.0999755859375,1.1458333333333333,7.5,3,85,0
home,2025-03-27 00:00:00+00,6.541304339533267,0.6500000059604645,12.099999904632568,83,61.5,99,1018.147824494735,1016.6000061035156,1019.8500061035156,-0.23043557871942935,-1.4000244140625,-0.5282619310461957,-2.300018310546875,0.8158212530872097,2.694444417953491,143.33043519310328,610.6999969482422,1.1304347826086956,5.5,3,86,0
home,2025-03-28 00:00:00+00,8.120833348793289,-0.15000000596046448,15.050000190734863,63.375,37.5,99,1016.7249997456869,1015.1999816894531,1018.5,-0.25208282470703125,-1.699981689453125,-0.4291674296061198,-2.100006103515625,0.8437499942568442,2.236111044883728,166.54583152135214,750.8999938964844,1.375,6.5,3,87,0
home,2025-03-29 00:00:00+00,6.57291667163372,2.350000023841858,9.349999904632568,50.5,40,67,1017.1145871480306,1014.6999816894531,1020.0500183105469,0.397918701171875,-1.899993896484375,0.6979204813639323,-2.600006103515625,1.802083330694586,4.763888835906982,148.54583330949148,533.3500061035156,1.2291666666666667,4.5,3,88,0
home,2025-03-30 00:00:00+00,9.48958333581686,0.8500000238418579,17.65000057220459,58.020833333333336,25.5,76,1021.8437525431315,1019.6499938964844,1023.6499938964844,0.39166514078776044,-1.04998779296875,0.9249992370605469,-0.45001220703125,0.8287037123615543,1.944444477558136,181.23541597525278,765.1499938964844,1.5833333333333333,7,3,89,0
home,2025-03-31 00:00:00+00,12.933333257834116,4.6000001430511475,24.449999809265137,54.8125,18,73,1020.029167175293,1018.5500183105469,1021.9499816894531,-0.5208333333333334,-1.95001220703125,-1.0104166666666667,-2.79998779296875,0.8425925909541547,2.3888888359069824,185.39583277702332,779.7999877929688,1.5833333333333333,7,3,90,0
home,2025-04-01 00:00:00+00,10.472916583220163,2.950000047683716,18,69.85416666666667,50.5,92,1014.114584604899,1010.75,1018.2000122070312,-0.6624984741210938,-2.350006103515625,-1.4083328247070312,-4.399993896484375,0.9837962975725532,3.236111044883728,180.3687497874101,771,1.5416666666666667,7,4,91,1
home,2025-04-02 00:00:00+00,4.529166693488757,3.450000047683716,5.800000190734863,98.875,96,99,1015.6562461853027,1012.25,1019.9500122070312,0.7562484741210938,-1.5,1.3916638692220051,-1.5,0.12326389116545518,0.847222238779068,19.154166668653488,71.04999923706055,0,0,4,92,0
home,2025-04-03 00:00:00+00,9.008333377540112,1.600000023841858,15.5,74.9375,40.5,99,1020.7979202270508,1019.3500061035156,1021.75,0.14375178019205728,-0.95001220703125,0.48333740234375,-0.899993896484375,0.4195601879619062,1.9722222685813904,151.95624944381416,584.1000061035156,1.2083333333333333,5,4,93,0
home,2025-04-04 00:00:00+00,10.1062500278155,3.6500000953674316,15.800000190734863,69.9375,42,90.5,1017.670825958252,1015.8999938964844,1020.1499938964844,-0.516668955485026,-1.700042724609375,-1.089586893717448,-2.450042724609375,0.6047453720433017,1.6111111044883728,91.79374944170316,387.3999938964844,0.6458333333333334,3.5,4,94,1
home,2025-04-05 00:00:00+00,8.793749943375587,3.049999952316284,15.549999713897705,86.47916666666667,66,99,1016.4791628519694,1015.7999877929688,1017.4500122070312,0.08333333333333333,-1.149993896484375,0.13541666666666666,-1.35003662109375,0.38541666558012366,2.0972222089767456,151.47916476552686,701.6999816894531,1.2916666666666667,6.5,4,95,0
home,2025-04-06 00:00:00+00,12.093750009934107,3.649999976158142,18.75,70.8125,41.5,99,1017.2833366394043,1015.7000122070312,1019.4500122070312,0.2583351135253906,-0.850006103515625,0.4770851135253906,-1.25,0.7239583347303172,2.0972222089767456,177.0500017106533,677.3000183105469,1.4791666666666667,6,4,96,0
home,2025-04-07 00:00:00+00,12.606250017881393,5.200000047683716,19.850000381469727,72.02083333333333,45.5,97.5,1022.1416702270508,1019.4500122070312,1025.5,0.743750254313151,-0.649993896484375,1.4520835876464844,-0.45001220703125,0.9432870304832855,3.222222149372101,200.17500153183937,773.8000183105469,1.7083333333333333,7,4,97,0
home,2025-04-08 00:00:00+00,12.462500085433325,4.75,19.34999942779541,79.89583333333333,60,99,1025.4874979654949,1024.4000244140625,1026.5499877929688,-0.031255086263020836,-1.04998779296875,0.09999338785807292,-2,0.7280092571551601,3.1527777910232544,197.54583330452442,812,1.6666666666666667,7.5,4,98,1
home,2025-04-09 00:00:00+00,12.650000105301539,6.1499998569488525,19.65000057220459,84.47916666666667,59,99,1022.7562497456869,1020.75,1024.25,-0.1916631062825521,-1.20001220703125,-0.4520772298177083,-1.999969482421875,0.5700231473892927,2.0972222089767456,165.2520838280519,678.6499938964844,1.3541666666666667,6,4,99,0
home,2025-04-10 00:00:00+00,11.04166661699613,5.550000190734863,16.899999618530273,84.625,62.5,99,1024.8312581380208,1023.0999755859375,1026.25,0.2749989827473958,-0.75006103515625,0.554168701171875,-0.6500244140625,0.5538194367351631,2.5,165.48333282396197,781.75,1.3958333333333333,7,4,100,0
home,2025-04-11 00:00:00+00,11.308333357175192,4.199999809265137,17.100000381469727,71.625,49,95,1022.5562426249186,1018.8500061035156,1025.199951171875,-0.8416659037272135,-2.699981689453125,-1.42083740234375,-2.900054931640625,0.6510416646488011,2.75,136.78333347042403,696.4500122070312,1.1041666666666667,6.5,4,101,1
home,2025-04-12 00:00:00+00,11.70625008145968,4.5,16.600000381469727,75.58333333333333,53.5,99,1016.1104151407877,1014.1499938964844,1018.4499816894531,-0.5479164123535156,-1.70001220703125,-1.245831807454427,-3.649993896484375,0.41608796548098326,1.5972222089767456,131.8187502703319,480.6000061035156,1.0625,4.5,4,102,1
home,2025-04-13 00:00:00+00,12.049999952316284,8.950000286102295,16.899999618530273,90.60416666666667,72.5,99,1014.6208343505859,1013.4500122070312,1016.0499877929688,0.07500076293945312,-1.54998779296875,0.1166674296061198,-1.5999755859375,0.4363425906437139,2.180555522441864,163.71666585405669,791.7999877929688,1.3333333333333333,7,4,103,1
home,2025-04-14 00:00:00+00,10.229166597127914,5.799999952316284,15.599999904632568,94.77083333333333,75.5,99,1011.270834604899,1008.2000122070312,1014.5,-0.8250020345052084,-2.449981689453125,-1.6166674296061199,-3.54998779296875,0.452546294623365,2.6388888359069824,111.26666595662634,639.1499938964844,0.9166666666666666,5.5,4,104,1
home,2025-04-15 00:00:00+00,8.304166654745737,5.150000095367432,12.950000286102295,90.66666666666667,69.5,99,1007.7937545776367,1006.2000122070312,1010.0500183105469,0.15000152587890625,-1.449951171875,0.10624949137369792,-2.45001220703125,0.523726856491218,1.9444444477558136,131.1937523049613,762.8000183105469,1.0208333333333333,6.5,4,105,1
home,2025-04-16 00:00:00+00,5.312500004967053,1.399999976158142,8.75,94.58333333333333,85,99,1012.5145835876465,1009.8500061035156,1014.3999938964844,0.46666590372721356,-1.100006103515625,1.0958340962727864,-0.5,0.6053240687275926,2.1527777910232544,105.32499977946281,606.6499938964844,0.7916666666666666,5.5,4,106,0
home,2025-04-17 00:00:00+00,7.708333363135655,1.399999976158142,13.599999904632568,70.10416666666667,46,95.5,1016.3062489827474,1012.9499816894531,1019.9500122070312,0.7791671752929688,-1.199981689453125,1.4520835876464844,-1.350006103515625,1.028935190755874,2.458333373069763,159.34583362936974,709.7000122070312,1.2916666666666667,6.5,4,107,0
home,2025-04-18 00:00:00+00,10.245833369592825,1.6500000357627869,16.800000190734863,76.39583333333333,54,98.5,1016.8333320617676,1012.4499816894531,1019.75,-0.8145840962727865,-1.9000244140625,-1.4375012715657551,-2.95001220703125,0.7187499995343387,3.1527777910232544,170.5499998430411,762.3999938964844,1.4791666666666667,7,4,108,1
home,2025-04-19 00:00:00+00,5.604166626930237,1.399999976158142,10,96.60416666666667,91.5,99,1009.9145825703939,1007.5500183105469,1011.8500061035156,-0.22083282470703125,-2.25,-0.6979153951009115,-3.550018310546875,0.4276620388651888,2.6527777910232544,36.13541668653488,225.54999542236328,0.14583333333333334,2,4,109,0
home,2025-04-20 00:00:00+00,6.4458333272486925,0.3500000089406967,11.650000095367432,81.5625,57,99,1014.0124969482422,1011.3500061035156,1016.6499938964844,0.6083335876464844,-0.20001220703125,1.2645835876464844,0.100006103515625,0.7488425942137837,3.4861111640930176,172.16041820061704,760.2000122070312,1.4166666666666667,7,4,110,0
home,2025-04-21 00:00:00+00,9.256250008940697,1.550000011920929,14.950000286102295,81.72916666666667,63,97,1019.8208312988281,1016.7000122070312,1021.8000183105469,0.6458346048990885,-0.499969482421875,1.3333320617675781,-0.4000244140625,0.7031250020178655,2.541666626930237,167.99791827611625,687.1000061035156,1.375,6.5,4,111,1
home,2025-04-22 00:00:00+00,8.393750041723251,4,14.550000190734863,92.95833333333333,68,99,1022.4375012715658,1021,1024.25,0.2958323160807292,-0.649993896484375,0.6124992370605469,-0.79998779296875,0.2361111119389534,1.0972222089767456,85.27083376049995,580.3500061035156,0.6458333333333334,5.5,4,112,0
home,2025-04-23 00:00:00+00,9.681249931454659,2.549999952316284,13.650000095367432,87.66666666666667,60.5,99,1023.4395815531412,1022.2999877929688,1024.2000122070312,-0.10416666666666667,-1.25,-0.14166386922200522,-1.6500244140625,0.7482638820074499,2.3888888359069824,178.96041636168957,683.2000122070312,1.4583333333333333,6,4,113,0
home,2025-04-24 00:00:00+00,12.572916607062021,5.1499998569488525,18.699999809265137,77.125,61.5,98.5,1022.1687494913737,1020.9499816894531,1023.1499938964844,-0.125,-1.1500244140625,-0.32083384195963544,-2.20001220703125,0.8559027813995878,3.1527777910232544,214.9354164650043,785.5499877929688,1.7916666666666667,7,4,114,0
home,2025-04-25 00:00:00+00,12.756249964237213,6.75,18.699999809265137,89.20833333333333,72,99,1019.3395818074545,1017.5499877929688,1021.25,-0.4854176839192708,-1.9000244140625,-0.9166666666666666,-2.70001220703125,0.6319444451170663,2.75,188.12500044206777,769.9499816894531,1.5833333333333333,7,4,115,1
home,2025-04-26 00:00:00+00,9.495833337306976,6.25,12.150000095367432,98.25,91,99,1019.9562466939291,1017.5,1022.3500061035156,0.4437510172526042,-1.399993896484375,0.8520825703938802,-1.350006103515625,0.33912037080153823,1.3333333432674408,51.63124969601631,235.29999542236328,0.2708333333333333,1.5,4,116,0
home,2025-04-27 00:00:00+00,9.308333297570547,3.450000047683716,15.150000095367432,87.16666666666667,60,99,1024.3187561035156,1021.3500061035156,1027.1499633789062,0.6187527974446615,-0.699981689453125,1.2354214986165364,-0.899993896484375,0.5416666705471774,2.3750000596046448,170.98749978343645,843.0499877929688,1.4166666666666667,7.5,4,117,0
home,2025-04-28 00:00:00+00,9.891176539308885,3.25,17.200000762939453,87.11764705882354,60,99,1026.2205918255975,1025.8499755859375,1026.6499633789062,-0.09412698184742647,-0.800048828125,-0.18824678308823528,-1.20001220703125,0.3872548972859102,2.236111044883728,240.3676525705001,950.9000244140625,2.176470588235294,9,4,118,1
home,2025-04-29 00:00:00+00,11.539583394924799,5.599999904632568,18,85.22916666666667,56,99,1024.731253306071,1023.4500122070312,1025.800048828125,-0.22083028157552084,-1.199981689453125,-0.44582875569661456,-2,0.5763888902341326,2.3888888359069824,216.0729180574417,858.8500061035156,1.8958333333333333,8,4,119,0
home,2025-04-30 00:00:00+00,12.147916704416275,4.6499998569488525,18.949999809265137,75.79166666666667,52,99,1024.0812454223633,1023.1000061035156,1024.699951171875,-0.041666666666666664,-1.249969482421875,-0.06875101725260417,-1.549957275390625,0.6423611122493943,2.208333373069763,227.0354145268599,782.5499877929688,1.9583333333333333,7,4,120,0
home,2025-05-01 00:00:00+00,13.460416694482168,6.400000095367432,20.65000057220459,64.41666666666667,36,86.5,1023.9291636149088,1022.8999938964844,1024.9000244140625,0.05625152587890625,-0.79998779296875,0.07708231608072917,-1.399993896484375,0.4456018516793847,1.5,170.11250112454096,694.7000122070312,1.3958333333333333,6,5,121,1
home,2025-05-02 00:00:00+00,11.329166650772095,7,15.050000190734863,88.85416666666667,56.5,99,1022.9437459309896,1021.3999938964844,1025.3499755859375,-0.31666819254557294,-3.14996337890625,-0.5770835876464844,-3.24993896484375,0.1724537049109737,0.6527777910232544,54.793750743071236,323.95001220703125,0.3333333333333333,2.5,5,122,0
home,2025-05-03 00:00:00+00,16.21041665474574,10,21.700000762939453,82.08333333333333,64,99,1019.3145815531412,1017,1021.1999816894531,-0.5354156494140625,-1.600006103515625,-1.0145823160807292,-2.449981689453125,0.5949074112189313,2.180555522441864,196.3854147096475,852.8500061035156,1.6458333333333333,8,5,123,1
home,2025-05-04 00:00:00+00,12.183333277702332,7.949999809265137,18.199999809265137,87.79166666666667,74.5,99,1013.7687479654948,1011.7999877929688,1016.3500061035156,-0.6854171752929688,-2.20001220703125,-1.4395840962727864,-3.149993896484375,0.49363425374031067,1.5833333134651184,126.67499988277753,806.1499938964844,1.0208333333333333,7.5,5,124,1
home,2025-05-05 00:00:00+00,9.43333331743876,6.3500001430511475,14.049999713897705,94.60416666666667,76.5,99,1013.1020876566569,1011.6499938964844,1015.1499938964844,0.3125,-1,0.6000010172526041,-1.04998779296875,0.3385416674427688,1.7777777910232544,81.44791646425922,377.9499969482422,0.5208333333333334,3.5,5,125,1
home,2025-05-06 00:00:00+00,6.3854167113701505,2.799999952316284,10.75,95,73,99,1016.5770823160807,1014.5,1019.1499938964844,0.502081553141276,-0.6500244140625,1.0062472025553386,-0.649993896484375,0.22858796284223595,1.0833333134651184,82.17916635672252,519.8500061035156,0.5208333333333334,4.5,5,126,0
home,2025-05-07 00:00:00+00,8.615909072485836,1.300000011920929,14.950000286102295,84.81818181818181,60.5,99,1018.1636352539062,1017.1000061035156,1018.8500061035156,-0.015907981178977272,-1.1500244140625,-0.1704531582919034,-1.70001220703125,0.37941919216378167,1.1388888955116272,178.4977293536067,912.4500122070312,1.4545454545454546,8.5,5,127,1
home,2025-05-08 00:00:00+00,9.916666655313401,4.400000095367432,13.349999904632568,87.64285714285714,66.5,99,1016.3928600492932,1015.5500183105469,1017,-0.3666657947358631,-2.350006103515625,-0.5214276994977679,-2.449981689453125,0.4470899465183417,2.555555582046509,120.46666820844014,472.3500061035156,0.8571428571428571,4,5,128,1
home,2025-05-09 00:00:00+00,10.056250045696894,8.000000238418579,13.050000190734863,94.375,81,99,1017.2854143778483,1015.2999877929688,1019.8500061035156,0.44999949137369794,-1.29998779296875,0.7833328247070312,-1.699981689453125,0.2667824135472377,1.1111111640930176,122.92916815976302,491.1000061035156,0.8958333333333334,4,5,129,1
home,2025-05-10 00:00:00+00,11.504166622956594,8.299999713897705,15.90000057220459,91.52083333333333,74.5,99,1018.7416661580404,1017.3500061035156,1019.9500122070312,-0.23541768391927084,-1.350006103515625,-0.3625017801920573,-2.350006103515625,0.3055555555038154,1.6527777910232544,113.57291693488757,353.75,0.8958333333333334,3,5,130,1
home,2025-05-11 00:00:00+00,10.808333347241083,4.299999952316284,16.5,83.125,58.5,99,1016.3937530517578,1015.0499877929688,1017.8500061035156,-0.0020815531412760415,-1.249969482421875,-0.14999771118164062,-2.14996337890625,0.4137731515802443,2.569444477558136,158.1666658471028,935.7000122070312,1.2708333333333333,8.5,5,131,0
home,2025-05-12 00:00:00+00,9.995833357175192,3.0999999046325684,16.25,77.41666666666667,55.5,99,1018.21875,1017.3999938964844,1019.3000183105469,0.16249974568684897,-0.649993896484375,0.3708330790201823,-0.800018310546875,0.5972222199973961,2.6388888359069824,180.01875085632005,903.6499938964844,1.5208333333333333,8.5,5,132,1
home,2025-05-13 00:00:00+00,10.14166667064031,3.649999976158142,16.65000057220459,85.875,55.5,99,1019.425001780192,1018.3000183105469,1020.5,0.14791742960611978,-0.649993896484375,0.27500279744466144,-0.949981689453125,0.2864583370586236,1.208333358168602,134.02708212534586,701.3999938964844,1.1041666666666667,6,5,133,1
home,2025-05-14 00:00:00+00,9.410416632890701,4.549999952316284,16.850000381469727,91.3125,65.5,99,1020.143751780192,1019.6500244140625,1020.8499755859375,-0.014584859212239584,-0.75,0.07916259765625,-0.699981689453125,0.2146990722976625,1.5416666269302368,120.3833343287309,659.5500183105469,0.9375,5.5,5,134,0
home,2025-05-15 00:00:00+00,12.016666561365128,3.950000047683716,17.84999942779541,77.16666666666667,53,99,1018.6520830790201,1017.6000061035156,1019.5,-0.22083282470703125,-1.1500244140625,-0.42291514078776044,-1.899993896484375,0.521412038244307,1.8611111044883728,132.38125082477927,535.4499969482422,1.0208333333333333,5,5,135,0
home,2025-05-16 00:00:00+00,14.593749970197678,8.149999856948853,20.350000381469727,72.5625,36,99,1019.2145856221517,1017.75,1021.6499938964844,0.3854166666666667,-0.800018310546875,0.6520830790201823,-1.300018310546875,0.6574074057862163,2.75,207.86041673334935,836.5499877929688,1.75,7.5,5,136,0
home,2025-05-17 00:00:00+00,13.79583340883255,7.150000095367432,20.199999809265137,73.5,51.5,99,1021.0229199727377,1019.9500122070312,1022.4500122070312,0.10000101725260417,-0.850006103515625,0.20416768391927084,-1.29998779296875,0.5630787083258232,2.5,245.97916822632155,886.4500122070312,2.1041666666666665,8,5,137,1
home,2025-05-18 00:00:00+00,15.860416730244955,6.25,22.550000190734863,69.6875,45.5,93.5,1021.2541656494141,1020.1499938964844,1023.0499877929688,-0.02916717529296875,-1.04998779296875,-0.039583841959635414,-1.25,0.7384259227352837,3.25,236.21875051160654,789.25,2.0208333333333335,7,5,138,1
home,2025-05-19 00:00:00+00,12.954166660706202,6.549999952316284,21.549999237060547,82.9375,39,99,1019.5020853678385,1017.75,1022,-0.43541590372721356,-2.149993896484375,-0.8458328247070312,-2.8499755859375,0.3755787080153823,1.7361111268401146,168.03958398848772,772.1000061035156,1.4583333333333333,7,5,139,0
home,2025-05-20 00:00:00+00,13.537499984105429,6.799999952316284,19.899999618530273,73.10416666666667,49.5,99,1022.0937474568685,1018.4499816894531,1024.6499633789062,0.7166659037272135,-0.799957275390625,1.4166641235351562,-0.300018310546875,0.7013888942698637,1.7361111044883728,218.53749915460745,824.25,1.8958333333333333,7.5,5,140,0
home,2025-05-21 00:00:00+00,14.427083174387613,6.799999952316284,19.799999237060547,76.41666666666667,60.5,92.5,1021.4041697184244,1019.1000061035156,1023.75,-0.6125005086263021,-1.14996337890625,-1.1104138692220051,-2.25,0.8171296233000854,2.5833333134651184,248.84583171705404,790.3500061035156,2.1458333333333335,7,5,141,1
home,2025-05-22 00:00:00+00,13.539583365122477,6.849999904632568,18.649999618530273,62.395833333333336,39.5,99,1019.7166646321615,1018.0999755859375,1021.5500183105469,0.2104161580403646,-1.000030517578125,0.33541615804036456,-2.000030517578125,0.8171296352520585,2.208333373069763,224.8124996026357,911.7999877929688,1.8958333333333333,8.5,5,142,0
home,2025-05-23 00:00:00+00,12.81041669845581,4.6499998569488525,19.699999809265137,57.458333333333336,35.5,83.5,1021.5479176839193,1020.3500061035156,1023.6000061035156,0.2958335876464844,-0.649993896484375,0.5166651407877604,-0.95001220703125,0.7893518505928417,2.055555522441864,216.33333276212215,860.6500244140625,1.8333333333333333,8,5,143,0
home,2025-05-24 00:00:00+00,13.664583394924799,5.3500001430511475,20.149999618530273,66.9375,47.5,94.5,1023.5520833333334,1022.6499938964844,1025.0999755859375,0.18958282470703125,-0.95001220703125,0.3937492370605469,-0.75,0.6180555584530035,2.055555582046509,243.01249884565672,803.1500244140625,2.1041666666666665,7.5,5,144,0
home,2025-05-25 00:00:00+00,16.391666740179062,7.049999952316284,23.550000190734863,72.5,46,98,1024.508337656657,1023.5,1025.9000244140625,0.1125030517578125,-0.60003662109375,0.2125066121419271,-0.89996337890625,0.6302083465270698,2.4166667461395264,250.47500086824098,808.75,2.1666666666666665,7,5,145,0
home,2025-05-26 00:00:00+00,16.979166746139526,10.300000190734863,23.700000762939453,78.72916666666667,56,99,1025.3666687011719,1024.1499633789062,1026.5,0.035413106282552086,-0.9000244140625,0.1333287556966146,-1.5999755859375,0.7841435130685568,3,252.43958313266435,845,2.1666666666666665,8,5,146,0
home,2025-05-27 00:00:00+00,15.96666673819224,10.700000286102295,21.84999942779541,81.22916666666667,59,99,1026.9229202270508,1026.0499877929688,1028.4000244140625,0.23333740234375,-0.5,0.45208740234375,-0.699951171875,0.5653935122924546,1.9027777314186096,222.1750003049771,767.3500061035156,1.8958333333333333,7,5,147,0
home,2025-05-28 00:00:00+00,18.52708335717519,9.100000381469727,25.40000057220459,73.75,53.5,99,1028.4708251953125,1027.6499633789062,1029.7000122070312,0.1604156494140625,-0.70001220703125,0.32916259765625,-0.95001220703125,0.5960648156081637,2.75,252.4395843098561,798.8000183105469,2.1875,7,5,148,0
home,2025-05-29 00:00:00+00,19.785416622956593,11.099999904632568,26.90000057220459,72.1875,44.5,98,1028.2749938964844,1026.800048828125,1029.1499633789062,-0.10625457763671875,-0.9000244140625,-0.2062530517578125,-1.64996337890625,0.792824076799055,2.458333373069763,251.27500052253404,799.4500122070312,2.2083333333333335,7,5,149,0
home,2025-05-30 00:00:00+00,21.420833210150402,12.75,29,68.4375,44.5,98,1027.4041697184246,1025.9500122070312,1028.4500122070312,-0.11666107177734375,-1.8499755859375,-0.16874186197916666,-1.4000244140625,0.5717592621222138,2.3888888359069824,248.42291674017906,801.9000244140625,2.1458333333333335,7,5,150,1
home,2025-05-31 00:00:00+00,19.01458332935969,12.849999904632568,28.350000381469727,79.3125,43,99,1027.122922261556,1025.699951171875,1028.6500244140625,-0.039586385091145836,-1.800048828125,-2.5431315104166665e-06,-2.0999755859375,0.5711805545724928,2.25,214.64166561265787,841.0499877929688,1.8125,8,5,151,0
home,2025-06-01 00:00:00+00,20.85833332935969,12.699999809265137,28.050000190734863,73.6875,48.5,99,1024.7729187011719,1023.5,1025.9000244140625,-0.29791514078776044,-1.8499755859375,-0.7333323160807291,-3.10003662109375,0.4942129629974564,1.8472221940755844,224.88125012318292,810.1000061035156,1.9375,7,6,152,0
home,2025-06-02 00:00:00+00,18.01086952375329,13.849999904632568,21.25,78.80434782608695,61.5,91.5,1024.2347849970279,1022.8999938964844,1025.5999755859375,-0.17608775263247284,-1.350006103515625,-0.2847847316576087,-2.04998779296875,0.2699275368257709,1.1805555522441864,102.1108696318191,470.15000915527344,0.717391304347826,4,6,153,0
home,2025-06-03 00:00:00+00,22.5,22.5,22.5,59,59,59,1017.2999877929688,1017.2999877929688,1017.2999877929688,-6.6500244140625,-6.6500244140625,-6.500030517578125,-6.500030517578125,0.0833333358168602,0.0833333358168602,121.4000015258789,121.4000015258789,1,1,6,154,0
home,2025-06-05 00:00:00+00,16.550000111262005,11.25,21.050000190734863,79.54166666666667,65,94.5,1022.8625005086263,1021.8000183105469,1024.0499877929688,0.6375020345052084,-1.4000244140625,0.4541676839192708,-2.35003662109375,0.5057870397965113,1.7777777910232544,91.77083298563957,657.5,0.7083333333333334,6,6,156,0
home,2025-06-06 00:00:00+00,18.014583309491474,10.25,24.199999809265137,76,57.5,97,1023.360413869222,1022.3999938964844,1024,-0.03125127156575521,-0.95001220703125,-0.008335113525390625,-1.300018310546875,0.5023148140559593,2.944444417953491,164.61666783690453,624.1999969482422,1.3333333333333333,5.5,6,157,0
home,2025-06-07 00:00:00+00,19.268750071525574,10.5,27.050000190734863,69.1875,46,95,1022.6145795186361,1021.4499816894531,1024.7999877929688,0.14583333333333334,-1.3499755859375,0.13125101725260416,-2,0.4797453734402855,1.944444477558136,209.3312490185102,795.9500122070312,1.75,7,6,158,0
home,2025-06-08 00:00:00+00,18.89166659116745,14.049999713897705,25.40000057220459,84.5625,62.5,98,1025.6687545776367,1024.3500366210938,1027.199951171875,0.2645823160807292,-0.75,0.6666641235351562,-1,0.5052083319363495,3.1527777910232544,223.72083306933442,835.5,1.9166666666666667,7.5,6,159,0
home,2025-06-09 00:00:00+00,20.618749916553497,13,28.399999618530273,81.16666666666667,53,99,1026.4520823160808,1025.2000122070312,1028.550048828125,0.1750030517578125,-0.949951171875,0.2687530517578125,-1.04998779296875,0.560185183926175,2.3888888359069824,246.98124830548963,791,2.125,7,6,160,1
home,2025-06-10 00:00:00+00,21.154166678587597,13.699999809265137,29.100000381469727,79.41666666666667,57,98.5,1026.2374903361003,1025.199951171875,1027.7000122070312,-0.28958384195963544,-2.70001220703125,-0.4229176839192708,-3.35009765625,0.534722225740552,2.4166667461395264,202.5104165226221,772.7999877929688,1.7083333333333333,7,6,161,0
home,2025-06-11 00:00:00+00,22.322916726271313,12.849999904632568,30.950000762939453,66.6875,42.5,95.5,1023.014581044515,1020.7999877929688,1025.0499877929688,-0.43125152587890625,-1.650054931640625,-1.0083351135253906,-2.64996337890625,0.438078706463178,2.1388888359069824,234.26667061448097,760.2000122070312,1.9791666666666667,7,6,162,0
home,2025-06-12 00:00:00+00,21.743750115235645,14.449999809265137,28.800000190734863,59.541666666666664,33.5,86,1022.6499989827474,1021.6999816894531,1024.1499633789062,0.1999994913736979,-0.79998779296875,0.4583333333333333,-0.79998779296875,0,0,250.335417813311,762.8500061035156,2.2083333333333335,7,6,163,0
home,2025-06-13 00:00:00+00,22.795833349227905,14.599999904632568,28.699999809265137,58.229166666666664,43,82.5,1025.66459274292,1023.8500061035156,1027.2999877929688,0.34791819254557294,-0.49993896484375,0.7270851135253906,-0.25,0,0,241.3520828783512,732.4499816894531,2.0833333333333335,7,6,164,0
home,2025-06-14 00:00:00+00,23.662499944369,15.800000190734863,30.399999618530273,48.958333333333336,30.5,70.5,1026.4458338419597,1025.4000244140625,1027.5,0.043752034505208336,-0.85003662109375,0.060419718424479164,-1.20001220703125,0.4618055539516111,1.8611111044883728,186.1000008881092,699.0499877929688,1.5208333333333333,6,6,165,0
home,2025-06-15 00:00:00+00,23.147916674613953,16.699999809265137,28.600000381469727,57.604166666666664,38,80,1027.2770818074544,1026,1028.9000244140625,0.1562474568684896,-1.4000244140625,0.31458282470703125,-1.70001220703125,0.6290509303410848,1.9027777910232544,210.84999991953373,742.6499938964844,1.75,6.5,6,166,0
home,2025-06-16 00:00:00+00,21.941666682561237,14.950000286102295,28.199999809265137,71.875,55.5,91.5,1027.2437591552734,1025.5499877929688,1028.0999755859375,-0.10416666666666667,-1.54998779296875,-0.1708348592122396,-2.20001220703125,0.8726851874962449,4.138888955116272,253.98333667715391,773.0500183105469,2.1875,7,6,167,0
home,2025-06-17 00:00:00+00,22.32708317041397,14.849999904632568,29.449999809265137,75.77083333333333,52.5,97,1026.8333282470703,1025.6499633789062,1028.5499877929688,0.07916514078776042,-1,0.12291463216145833,-1.45001220703125,0.5480324092010657,2.694444417953491,217.70208363359174,779.9500122070312,1.7916666666666667,7,6,168,0
home,2025-06-18 00:00:00+00,22.14791665474574,15.150000095367432,29.65000057220459,65.5,39.5,96.5,1027.5833282470703,1026.199951171875,1028.5499877929688,-0.014582316080729166,-1.10003662109375,-0.02083587646484375,-1.45001220703125,0.46527778171002865,1.9027777910232544,250.39583165943623,765.3999938964844,2.1666666666666665,7,6,169,0
home,2025-06-19 00:00:00+00,22.73125010728836,13.699999809265137,30.100000381469727,64.83333333333333,40,91,1026.9104105631511,1025.1499633789062,1028.4000244140625,0.008336385091145834,-1,-0.033327738444010414,-1.6500244140625,0.4901620348294576,2.458333373069763,250.71874899665514,767.75,2.1458333333333335,7,6,170,0
home,2025-06-20 00:00:00+00,21.56874990463257,15.200000286102295,30.75,73.72916666666667,40.5,91.5,1026.966667175293,1026.0999755859375,1027.800048828125,-0.15625,-1.0499267578125,-0.21666717529296875,-1.54998779296875,0.33796296749884885,1.3611111491918564,182.29166706403097,737.3999938964844,1.4583333333333333,7,6,171,0
home,2025-06-21 00:00:00+00,23.68958334128062,15.650000095367432,31.300000190734863,68.97916666666667,43.5,95,1026.1770884195964,1025.2000122070312,1027.5,-0.01041412353515625,-1,-0.024996439615885418,-1.449951171875,0.2135416672875484,1.3333333134651184,217.9375013411045,794.4500122070312,1.8333333333333333,7,6,172,1
home,2025-06-22 00:00:00+00,19.21458335717519,13.050000190734863,30.75,84.875,46.5,99,1027.1458231608074,1025.9500122070312,1028.8999633789062,-0.0020904541015625,-2.1500244140625,0.15207417805989584,-1.5,0.3778935200534761,2.694444417953491,161.83333210647106,763.9499816894531,1.375,7,6,173,0
home,2025-06-23 00:00:00+00,22.01249994834264,12.349999904632568,30.84999942779541,73.75,41.5,99,1026.3812586466472,1025.2999877929688,1026.9500122070312,-0.07916259765625,-1.3499755859375,-0.2770792643229167,-2.949951171875,0.6041666691501936,2.638888895511627,246.11666548252106,750.8999938964844,2.125,7,6,174,1
home,2025-06-24 00:00:00+00,23.185416758060455,15.650000095367432,33.45000076293945,71.9375,39.5,92.5,1024.970827738444,1023.6499938964844,1025.9000244140625,-0.1791661580403646,-1.199981689453125,-0.41249847412109375,-1.79998779296875,0.5173611089897653,2.4027777910232544,215.72083167731762,743.9499816894531,1.7916666666666667,7,6,175,0
home,2025-06-25 00:00:00+00,23.235416412353516,15.299999713897705,31.049999237060547,57.833333333333336,32,93,1023.1645787556967,1022.1499938964844,1023.8499755859375,-0.19583638509114584,-1.350006103515625,-0.4250017801920573,-1.79998779296875,0.3790509281679988,2.013888955116272,203.63958349451423,754.8500061035156,1.6875,7,6,176,0
home,2025-06-26 00:00:00+00,22.395833253860474,15.099999904632568,28.799999237060547,62.520833333333336,46.5,83.5,1025.8874994913738,1023.0499877929688,1029.050048828125,0.7125040690104166,-0.54998779296875,1.3250033060709636,-0.45001220703125,0.49768519091109437,1.9027777910232544,260.5729173272848,768.7000122070312,2.2708333333333335,7,6,177,0
home,2025-06-27 00:00:00+00,23.079166730244953,14.400000095367432,30.15000057220459,67.77083333333333,46.5,89.5,1029.4520899454753,1028.4500122070312,1031.0499877929688,0.26457977294921875,-0.60003662109375,0.6000010172526041,-0.9000244140625,0.5434027765877545,1.9444444179534912,237.38958367705345,767.75,1.9583333333333333,7,6,178,0
home,2025-06-28 00:00:00+00,24.68541657924652,15.849999904632568,31.84999942779541,65.75,42,92,1030.0625025431316,1028.800048828125,1030.800048828125,-0.0895843505859375,-1.1500244140625,-0.13333892822265625,-1.59991455078125,0.5063657434657216,1.75,235.43333519498506,754.3999938964844,1.9791666666666667,7,6,179,0
home,2025-06-29 00:00:00+00,25.385416706403095,16.899999618530273,33.349998474121094,59.25,32.5,88.5,1027.9208348592122,1025.9000244140625,1029.8500366210938,-0.40000152587890625,-1.54998779296875,-0.7812525431315104,-2.79998779296875,0.6834490766438345,2.944444477558136,259.37708421548206,760.4500122070312,2.25,7,6,180,1
home,2025-06-30 00:00:00+00,22.26666671037674,14.150000095367432,34.099998474121094,72.41666666666667,34.5,96.5,1025.6749903361003,1024.5499877929688,1026.5499877929688,-0.1416651407877604,-1.04998779296875,-0.2979176839192708,-1.54998779296875,0.39988426538184285,2.263888955116272,235.4062490115563,828.0999755859375,1.9791666666666667,7.5,6,181,1
home,2025-07-01 00:00:00+00,20.654166638851166,13.299999713897705,33.04999923706055,75.41666666666667,34,99,1025.0041580200195,1022.8999938964844,1026.7000122070312,-0.13541666666666666,-1.649993896484375,-0.2187474568684896,-2.20001220703125,0.40162036987021565,1.7222222089767456,212.03125025642416,811.2000122070312,1.8541666666666667,7.5,7,182,0
home,2025-07-02 00:00:00+00,22.808333337306976,12.899999618530273,31.699999809265137,65.5625,34.5,99,1024.9166615804036,1023.5500183105469,1027.199951171875,0.2708333333333333,-1.199981689453125,0.429168701171875,-1.649993896484375,0.44618055255462724,2.194444417953491,215.83958133061728,764.5,1.8333333333333333,7,7,183,1
home,2025-07-03 00:00:00+00,20.472916662693024,15.049999713897705,30.15000057220459,80.72916666666667,51,99,1028.3520812988281,1026.6499633789062,1029.449951171875,0.2479222615559896,-0.89996337890625,0.568756103515625,-0.39996337890625,0.4780092590178053,2.805555582046509,205.91458471119404,799.3000183105469,1.7916666666666667,7.5,7,184,1
home,2025-07-04 00:00:00+00,20.685416638851166,13.75,30.449999809265137,78.25,45,99,1028.560422261556,1027.050048828125,1029.5499877929688,-0.16875203450520834,-1.49993896484375,-0.23125457763671875,-2.199951171875,0.7037037067736188,2.8472222089767456,218.02916825314364,755,1.8541666666666667,7,7,185,0
home,2025-07-05 00:00:00+00,21.558503371517673,14,28.700000762939453,75.27551020408163,45,99,1025.8472775829082,1024.550048828125,1027.1500244140625,-0.35748664700255567,-1.6500244140625,-0.8836765419058294,-2.39996337890625,0.5323129247392521,1.8611111044883728,186.3476179078931,630.3000183105469,1.5476190476190477,6,7,186,0
home,2025-07-06 00:00:00+00,23.24062490463257,17.84999942779541,26.84999942779541,72.6875,56,90.5,1020.0312442779541,1018.5999755859375,1022.0999755859375,-0.9214256831577785,-4.25,-1.8370522090366848,-5.79998779296875,1.2144097171258181,3.1527777314186096,226.57187463063747,848.9000244140625,1.90625,8,7,187,0
home,2025-07-07 00:00:00+00,19.997916797796886,12.550000190734863,25.699999809265137,67.54166666666667,48,97.5,1019.1145820617676,1017.5,1021.25,0.11874898274739583,-0.999969482421875,0.10208384195963542,-1.399993896484375,1.0104166708576183,3.513888955116272,239.54791709780693,805.5499877929688,2.0208333333333335,7,7,188,0
home,2025-07-08 00:00:00+00,18.974999984105427,10.049999713897705,25.34999942779541,69.16666666666667,47.5,92,1022.3000068664551,1021.0499877929688,1024.9000244140625,0.4479204813639323,-0.550018310546875,0.9604225158691406,-0.75,0.6759259304963052,2.4166667461395264,249.6958321481943,780.5499877929688,2.1041666666666665,7,7,189,0
home,2025-07-09 00:00:00+00,20.82083322604497,14.349999904632568,25.850000381469727,78.41666666666667,55.5,94.5,1024.795831044515,1023.8500061035156,1025.7000122070312,0.039581298828125,-1.050048828125,0.19374847412109375,-1.149993896484375,0.8975694389082491,3.3472222089767456,245.33333147565523,794.4499816894531,2.0833333333333335,7,7,190,0
home,2025-07-10 00:00:00+00,22.22500006357829,17.800000190734863,27.15000057220459,77.91666666666667,58,98,1023.7729161580404,1022.1999816894531,1025.0999755859375,-0.20416768391927084,-1.200042724609375,-0.4145863850911458,-2.399993896484375,0.7835648126589755,2.7500000596046448,213.58958331247172,935.0500183105469,1.8125,8.5,7,191,1
home,2025-07-11 00:00:00+00,19.379166503747303,15.299999713897705,25.550000190734863,86.9375,68.5,99,1021.2625007629395,1020.1000061035156,1022.6000061035156,-0.34999974568684894,-1.35003662109375,-0.7041664123535156,-1.79998779296875,0.48032407586773235,1.7500000298023224,130.09999927381674,678,1.0625,6,7,192,1
home,2025-07-12 00:00:00+00,15.347916801770529,12.300000190734863,20.90000057220459,98,86,99,1019.0541674296061,1017.9500122070312,1020.3000183105469,-0.22500101725260416,-2.25,-0.45625050862630206,-1.800018310546875,0.22453703886518875,1.8055556118488312,58.09791703646382,527.0500030517578,0.3333333333333333,4.5,7,193,0
home,2025-07-13 00:00:00+00,19.12916660308838,10.75,25.90000057220459,81,57,99,1022.1833419799805,1018.7000122070312,1026.4000244140625,0.9187533060709635,-0.3499755859375,1.7020886739095051,-0.3499755859375,0.46064814692363143,1.6944444179534912,253.04374961492917,853.8999938964844,2.125,8,7,194,0
home,2025-07-14 00:00:00+00,21.958333134651184,14.549999713897705,29.199999809265137,76.3125,48.5,99,1027.183334350586,1026,1028.25,0.21666463216145834,-0.89996337890625,0.5124944051106771,-1.5999755859375,0.6533564878627658,3.597222328186035,243.5541671924293,781.1999816894531,2.0625,7,7,195,0
home,2025-07-15 00:00:00+00,22.429166714350384,15.25,28.950000762939453,74.79166666666667,50,97,1026.8541641235352,1025.25,1028.0499877929688,-0.10208384195963542,-1,-0.1958338419596354,-1.79998779296875,0.5781250018626451,1.833333283662796,251.0874983035028,762.7999877929688,2.1875,7,7,196,0
home,2025-07-16 00:00:00+00,22.05624995628993,14.75,28.5,76.70833333333333,54.5,99,1025.4791590372722,1024.25,1026.4500122070312,-0.27291615804036456,-1.20001220703125,-0.4479166666666667,-1.79998779296875,0.6851851887380084,2.3472222089767456,249.18333273753524,769.5,2.125,7,7,197,0
home,2025-07-17 00:00:00+00,23.222916662693024,14.800000190734863,30,76.83333333333333,54,95.5,1023.0166625976562,1021.75,1024.1500244140625,-0.3541679382324219,-1.20001220703125,-0.7333348592122396,-1.749969482421875,0.6412037030483285,2.3888888359069824,235.4270852804184,762.6000061035156,2.0208333333333335,7,7,198,0
home,2025-07-18 00:00:00+00,24.191666682561237,18,29.700000762939453,74.35416666666667,51,95,1019.4333356221517,1017.6000061035156,1021.25,-0.53125,-1.54998779296875,-1.027081807454427,-2.649993896484375,0.5410879648601016,1.7083333730697632,240.0895823687315,761.5,2.0833333333333335,7,7,199,1
home,2025-07-19 00:00:00+00,20.279166519641876,14.300000190734863,26,82.41666666666667,62,99,1017.2166659037272,1016.6499938964844,1017.7999877929688,-0.08541615804036458,-1.300018310546875,-0.22499974568684897,-1.750030517578125,0.5792824123054743,2.013888895511627,177.94166637274125,774.9499816894531,1.5208333333333333,7.5,7,200,0
home,2025-07-20 00:00:00+00,21.164583404858906,13.449999809265137,27.65000057220459,70.35416666666667,47,92.5,1015.6312484741211,1014.4499816894531,1016.3999938964844,-0.18958282470703125,-1.149993896484375,-0.4312489827473958,-1.399993896484375,0.4924768541629116,2.305555582046509,215.90416757265726,797.7000122070312,1.8333333333333333,7,7,201,0
home,2025-07-21 00:00:00+00,18.68333335717519,13.25,24.600000381469727,67.91666666666667,43.5,91.5,1019.4791692097982,1015.5999755859375,1023.3500061035156,0.9458325703938802,-0.300048828125,1.8062502543131511,0.20001220703125,0.8767361075927814,3,241.1166654030482,793.3999938964844,2.0416666666666665,7,7,202,0
home,2025-07-22 00:00:00+00,20.483333210150402,11.599999904632568,26.800000190734863,74.35416666666667,53.5,93,1022.9791641235352,1021.75,1024.1499633789062,-0.07291793823242188,-1.149993896484375,-2.5431315104166665e-06,-1.699981689453125,0.8599537007200221,3.305555582046509,228.41250000397363,797.1000061035156,1.9375,7,7,203,1
home,2025-07-23 00:00:00+00,17.47708324591319,13.25,22.84999942779541,92.10416666666667,80,99,1020.9166679382324,1019.7000122070312,1022.25,-0.25,-1.9000244140625,-0.5437494913736979,-1.9000244140625,0.3287037016513447,1.3888888657093048,107.26458272337914,690.75,0.7916666666666666,6,7,204,1
home,2025-07-24 00:00:00+00,15.300000170866648,10.799999713897705,19.450000762939453,92.52083333333333,78.5,99,1020.9312477111816,1019.7999877929688,1023,0.27500025431315106,-0.850006103515625,0.5437507629394531,-0.850006103515625,0.47858796967193484,1.763888955116272,172.02083183949193,917.4499816894531,1.4166666666666667,8.5,7,205,0
home,2025-07-25 00:00:00+00,15.697916666666666,8.800000190734863,20.699999809265137,82.89583333333333,62,99,1022.4520886739095,1021.25,1023.8000183105469,0.10833485921223958,-1.050018310546875,0.23541895548502603,-1.75,0.38020833271245164,1.4444444589316845,167.8854174812635,616.6499938964844,1.4166666666666667,5.5,7,206,0
home,2025-07-26 00:00:00+00,17.620833317438763,9.599999904632568,23.949999809265137,73.35416666666667,53.5,98,1024.1562474568684,1023.3500061035156,1025.5999755859375,0.1958338419596354,-0.64996337890625,0.40624745686848956,-0.800018310546875,0.6111111097658674,1.6944444179534912,215.05625089009604,810.9500122070312,1.7916666666666667,7,7,207,0
home,2025-07-27 00:00:00+00,18.97083342075348,10.950000286102295,24.850000381469727,77.08333333333333,58.5,95,1022.9687525431315,1021.5,1024.75,-0.38333384195963544,-1.29998779296875,-0.758331298828125,-2.100006103515625,0.5983796282671392,2.5972222089767456,224.5083312789599,764.2999877929688,1.9375,7,7,208,0
home,2025-07-28 00:00:00+00,20.077083388964336,14.5,25.600000381469727,57.833333333333336,37,99,1022.0895805358887,1020.75,1024.1500244140625,0.19375101725260416,-1.25,0.39375050862630206,-2,1.0966435202086966,1.986111044883728,248.35833183924356,799.8999938964844,2.1458333333333335,7.5,7,209,0
home,2025-07-29 00:00:00+00,18.016666769981384,11.700000286102295,23.90000057220459,66.85416666666667,49.5,94.5,1023.6645825703939,1022.6499938964844,1024.9000244140625,0.10416666666666667,-0.75,0.16666412353515625,-1.04998779296875,0.6828703779416779,2.4166667461395264,240.21250078082085,787.75,2.0833333333333335,7,7,210,0
home,2025-07-30 00:00:00+00,18.28124992052714,10.599999904632568,24.050000190734863,77.02083333333333,57,98,1025.1208267211914,1024.1499633789062,1026.6499633789062,0.23541259765625,-0.75006103515625,0.4499969482421875,-0.6500244140625,0.5462962947785854,2.055555582046509,179.42916502555212,782.0999755859375,1.4791666666666667,7,7,211,0
home,2025-07-31 00:00:00+00,19.41458336512248,12.800000190734863,24.850000381469727,76.02083333333333,55.5,99,1024.699993133545,1023.3000183105469,1026.0499877929688,-0.3166643778483073,-1.199951171875,-0.5708300272623698,-2.249969482421875,0.6990740836287538,2.5416666865348816,241.95833384990692,831.5,2.0833333333333335,7.5,7,212,0
home,2025-08-01 00:00:00+00,19.60416654745738,13.299999713897705,25.25,78.89583333333333,54,97.5,1021.893751780192,1020,1023.25,-0.3333333333333333,-1.649993896484375,-0.6333325703938802,-2.54998779296875,0.689814822593083,3.263888955116272,198.1770850221316,891.2000122070312,1.6458333333333333,8,8,213,0
home,2025-08-02 00:00:00+00,19.94375004371007,15.550000190734863,24.40000057220459,78.16666666666667,60,97,1021.6354192097982,1020.75,1023.6000061035156,0.2812512715657552,-0.54998779296875,0.4229176839192708,-0.850006103515625,0.7766203683180114,2.541666626930237,231.56041650970778,767.8000183105469,1.9583333333333333,7,8,214,0
home,2025-08-03 00:00:00+00,19.672916690508526,14.049999713897705,25.350000381469727,78.72916666666667,58.5,97,1025.1166661580403,1023.3500061035156,1027.75,0.5124994913736979,-0.3499755859375,1.0166651407877605,-0.14996337890625,0.552083337524285,2.2222222685813904,199.19166590770087,890.7999877929688,1.6875,8.5,8,215,0
home,2025-08-04 00:00:00+00,20.77291665474574,12.849999904632568,27.850000381469727,75.64583333333333,47.5,99,1027.385419209798,1026.6499633789062,1027.9000244140625,-0.03125,-0.70001220703125,0.06250254313151042,-1.10003662109375,0.503472224654009,2.5,222.2916672627131,776.4499816894531,1.8541666666666667,7,8,216,0
home,2025-08-05 00:00:00+00,22.27291663487752,14.700000286102295,29.149999618530273,74.66666666666667,53,95,1027.5270767211914,1026.75,1028.5999755859375,0.10833231608072917,-0.89996337890625,0.1958287556966146,-0.95001220703125,0.671875003259629,2.9444445371627808,197.2770845144987,771.1000061035156,1.6875,7,8,217,0
home,2025-08-06 00:00:00+00,21.320833265781403,14.949999809265137,27.200000762939453,74.3125,54,94,1025.9229202270508,1024.5,1027.4000244140625,-0.2999979654947917,-1.449951171875,-0.6458282470703125,-2.04998779296875,0.50752315002804,2.236111104488373,179.3229171037674,726.2000122070312,1.5,6.5,8,218,0
home,2025-08-07 00:00:00+00,22.708333214124043,14.899999618530273,29.549999237060547,75.3125,53.5,96,1025.7374954223633,1025.0999755859375,1026.800048828125,0.09999593098958333,-0.64996337890625,0.21457926432291666,-0.75006103515625,0.5584490783512592,2.458333373069763,215.91874875624976,747.4500122070312,1.8541666666666667,7,8,219,0
home,2025-08-08 00:00:00+00,23.71666665871938,16.40000057220459,31.09999942779541,69.10416666666667,43.5,97,1026.9312489827473,1026.2999877929688,1027.7999877929688,0.10208384195963542,-0.54998779296875,0.2541656494140625,-0.54998779296875,0.5642361075927814,2.236111044883728,219.418752292792,746.5500183105469,1.875,7,8,220,0
home,2025-08-09 00:00:00+00,24.55833327770233,17.15000057220459,32.75,67.4375,43.5,85,1027.8562494913738,1026.5,1029.4000244140625,0.18125152587890625,-1.04998779296875,0.3708343505859375,-1.29998779296875,0.44155092785755795,1.9444444179534912,211.73333260416985,752.7999877929688,1.8125,7,8,221,0
home,2025-08-10 00:00:00+00,24.03124992052714,17.050000190734863,32.44999885559082,66.5625,41.5,81,1028.2520751953125,1027,1029.2999877929688,-0.1562525431315104,-1.20001220703125,-0.2937571207682292,-1.9000244140625,0.4415509286336601,1.7777777910232544,171.91249981025854,741.3500061035156,1.4583333333333333,7,8,222,0
home,2025-08-11 00:00:00+00,24.772916555404663,16.600000381469727,33.79999923706055,63.4375,36,83.5,1025.6187566121419,1024.0499877929688,1027.1500244140625,-0.2770792643229167,-1.300048828125,-0.6020762125651041,-2.1500244140625,0.6053240730737647,1.805555522441864,198.6937506943941,777.8500061035156,1.6875,7,8,223,1
home,2025-08-12 00:00:00+00,21.827083388964336,16.449999809265137,32.20000076293945,74.875,43.5,94.5,1024.991663614909,1024.4000244140625,1025.5,-0.08958689371744792,-0.79998779296875,-0.16666666666666666,-0.79998779296875,0.39699074005087215,2.486111044883728,147.49583187202612,741.0999755859375,1.1458333333333333,6.5,8,224,0
home,2025-08-13 00:00:00+00,23.85208334525426,15.299999713897705,30.84999942779541,64.47916666666667,38,87.5,1024.422918955485,1023.2000122070312,1025.25,0.01250457763671875,-1.199981689453125,0.016667683919270832,-1.5999755859375,0.40509258955717087,1.5833333134651184,171.52708288530508,591.25,1.375,5,8,225,1
home,2025-08-14 00:00:00+00,19.768749952316284,14.650000095367432,30.350000381469727,83.16666666666667,44.5,99,1025.9499969482422,1024.7000122070312,1027.4500122070312,0.3062489827473958,-0.79998779296875,0.5687484741210938,-0.8499755859375,0.38194444418574375,2.305555522441864,152.76249942804375,769.2999877929688,1.2708333333333333,7,8,226,0
home,2025-08-15 00:00:00+00,23.112500031789143,13.949999809265137,32.25,67.4375,37.5,96,1027.03333791097,1025.7000122070312,1027.8500366210938,0.031247456868489582,-1.35003662109375,0.10625203450520833,-1.8499755859375,0.44560184873019654,1.5833333134651184,204.9916669012358,704.9000244140625,1.7708333333333333,6.5,8,227,0
home,2025-08-16 00:00:00+00,24.791666388511658,15.849999904632568,34.19999885559082,55.333333333333336,30,74,1026.1062494913738,1024.7000122070312,1027.3500366210938,-0.22083028157552084,-1.4000244140625,-0.4229176839192708,-2.25,0.37731481219331425,1.1388888657093048,175.77916656434536,579.75,1.4791666666666667,5,8,228,0
home,2025-08-17 00:00:00+00,24.208333492279053,17.149999618530273,33.35000038146973,54.770833333333336,27.5,75.5,1023.3249969482422,1022.1000061035156,1024.7999877929688,-0.4187520345052083,-1.29998779296875,-0.8083343505859375,-2.100006103515625,0.3564814814987282,1.0416666865348816,122.88124960660934,390.79998779296875,0.9375,3.5,8,229,1
home,2025-08-18 00:00:00+00,22.21041663487752,16.15000057220459,30.34999942779541,63.979166666666664,45,99,1022.6395835876465,1021.3999938964844,1024.4500122070312,0.07083384195963542,-1.04998779296875,0.1520843505859375,-1.64996337890625,0.7725694465140501,3.069444417953491,164.42916629028818,607.25,1.375,5.5,8,230,1
home,2025-08-19 00:00:00+00,18.539583206176758,12.900000095367432,24.34999942779541,83.8125,57.5,99,1019.9604174296061,1017.6999816894531,1022.1000061035156,-0.5604171752929688,-2.649993896484375,-1.0854161580403645,-3.299957275390625,0.31192129959041875,1.375,97.48124951620896,570.9999847412109,0.7083333333333334,5,8,231,1
home,2025-08-20 00:00:00+00,15.593750059604645,11.400000095367432,21.449999809265137,92.29166666666667,75,99,1017.4312527974447,1016.3000183105469,1018.1499938964844,-0.10833358764648438,-1.29998779296875,-0.27916590372721356,-2.25,0.46354166930541396,1.9444444179534912,172.01041627426943,680.7999877929688,1.4583333333333333,6.5,8,232,0
home,2025-08-21 00:00:00+00,16.027083377043407,10.800000190734863,22.75,79.66666666666667,49.5,99,1018.6833330790201,1016.4000244140625,1022.1499938964844,0.5270843505859375,-1.20001220703125,0.9291661580403646,-1.649993896484375,0.5850694420126578,1.9027777314186096,107.88749941190083,818.3499755859375,0.8125,7.5,8,233,0
home,2025-08-22 00:00:00+00,17.41458336512248,10.200000286102295,23.549999237060547,78.29166666666667,57.5,96.5,1022.0916646321615,1021.1000061035156,1023.3999938964844,0.17499923706054688,-0.600006103515625,0.41249847412109375,-0.999969482421875,0.45949073927477,1.5,175.65833223859468,697.1499938964844,1.4375,6.5,8,234,0
home,2025-08-23 00:00:00+00,18.697916726271313,11.949999809265137,25.25,77.875,50.5,99,1022.625,1021.2999877929688,1023.5,0.004166920979817708,-1.350006103515625,-0.03958257039388021,-1.749969482421875,0.4942129662570854,1.6527777910232544,214.95208261410394,718.1000061035156,1.8125,6.5,8,235,1
home,2025-08-24 00:00:00+00,19.112500071525574,12.050000190734863,27.350000381469727,82.54166666666667,58.5,99,1022.8749987284342,1021.8500061035156,1024.2000122070312,0.08333206176757812,-0.95001220703125,0.24999872843424478,-1.149993896484375,0.6209490754020711,2.3888888359069824,185.03541707992554,682.75,1.5416666666666667,6,8,236,0
home,2025-08-25 00:00:00+00,18.48749993244807,13.849999904632568,25.300000190734863,91.47916666666667,67,99,1024.131253560384,1023,1024.9500122070312,-0.03749974568684896,-1.550048828125,0.039583841959635414,-1.800048828125,0.42361111069719,3.708333373069763,113.85208303232987,574.5500030517578,0.8541666666666666,5,8,237,0
home,2025-08-26 00:00:00+00,21.334615230560303,14.700000286102295,29.299999237060547,74.07692307692308,44,96.5,1022.0653803898738,1020.5,1023.0499877929688,-0.6384605994591346,-1.29998779296875,-1.2730783315805287,-2.250030517578125,0.0213675218132826,0.2361111156642437,283.2730749937204,657.3999938964844,2.3846153846153846,6,8,238,1
home,2025-08-27 00:00:00+00,19.50789469166806,15.050000190734863,25.5,87.92105263157895,63,99,1017.2631546823602,1015,1019.8999938964844,-0.8815773411800987,-2,-1.723680998149671,-3,0.21345029300764987,0.7222222089767456,96.53157959486309,345.2000045776367,0.6842105263157895,3,8,239,0
home,2025-08-28 00:00:00+00,16.36041667064031,10.400000095367432,21.350000381469727,88.25,68,99,1015.622917175293,1014.1499938964844,1017.6499938964844,0.2749989827473958,-1.550018310546875,0.34375,-2.600006103515625,0.46527778279657167,1.819444477558136,83.52083366115887,525.3500061035156,0.625,4.5,8,240,0
home,2025-08-29 00:00:00+00,14.866666674613953,9.300000190734863,20.699999809265137,80,58.5,99,1017.3166618347168,1015.4500122070312,1019.2000122070312,0.20208231608072916,-0.8499755859375,0.37499745686848956,-1.399993896484375,0.8275463011426231,3.305555582046509,167.93333241157234,714.6500244140625,1.3958333333333333,6.5,8,241,0
home,2025-08-30 00:00:00+00,16.899999976158142,8.949999809265137,23.550000190734863,77.1875,53.5,98,1020.595832824707,1019.1499938964844,1021.9500122070312,0.32291920979817706,-0.6500244140625,0.7375043233235677,-0.6500244140625,0.5572916703919569,1.763888955116272,183.28541645904383,636.75,1.5416666666666667,5.5,8,242,1
home,2025-08-31 00:00:00+00,17.543750087420147,11.550000190734863,23.350000381469727,89,71.5,99,1018.2625007629395,1016.1000061035156,1021.1999816894531,-0.6479174296061198,-2.149993896484375,-1.3125025431315105,-3.199951171875,0.5138888897684714,2.1388888359069824,133.33541610650718,725.5,1.1041666666666667,7,8,243,0
home,2025-09-01 00:00:00+00,14.84166669845581,9.75,20.100000381469727,84.83333333333333,61,99,1017.8479207356771,1014.9500122070312,1021.1499938964844,0.5645828247070312,-1.75,1.0416666666666667,-1.649993896484375,0.6556712985038757,2.6666666865348816,194.64791677892208,700.1000061035156,1.6458333333333333,6.5,9,244,0
home,2025-09-02 00:00:00+00,14.254166742165884,8.099999904632568,19.600000381469727,79.625,60.5,97,1022.0458297729492,1020.8500061035156,1023.8000183105469,0.2812487284342448,-1.100006103515625,0.6874987284342448,-1.5,0.8171296282671392,4.25,172.65833205978075,694.5,1.3958333333333333,6,9,245,0
home,2025-09-03 00:00:00+00,16.974999984105427,8.949999809265137,24.75,73.20833333333333,48.5,97,1022.2583338419596,1020.8000183105469,1023.6499938964844,-0.17916488647460938,-1.699981689453125,-0.3791643778483073,-2.699981689453125,0.6145833376795053,2.8611111640930176,200.23541663090387,714,1.6875,6,9,246,0
home,2025-09-04 00:00:00+00,18.020833333333332,12.050000190734863,25.550000190734863,77.375,56,93.5,1022.2604179382324,1020.8000183105469,1025.4000244140625,0.41249974568684894,-0.95001220703125,0.664581298828125,-1.25,0.4484953680075705,2.097222149372101,160.6125005185604,617.4500122070312,1.3333333333333333,5.5,9,247,0
home,2025-09-05 00:00:00+00,17.34583334128062,11.899999618530273,23,82.27083333333333,60.5,99,1026.3979187011719,1025.25,1027.5999755859375,0.179168701171875,-1.25006103515625,0.520837148030599,-1.95001220703125,0.6684027776742975,2.8611111640930176,143.3729170113802,672.7999877929688,1.125,6.5,9,248,0
home,2025-09-06 00:00:00+00,18.44166664282481,11.050000190734863,25.75,78.91666666666667,54,99,1025.047918955485,1023.7000122070312,1026,-0.18124898274739584,-1.29998779296875,-0.44166310628255206,-2.29998779296875,0.5075231494071583,2.25,175.02499942978224,617.0499877929688,1.5208333333333333,5.5,9,249,0
home,2025-09-07 00:00:00+00,19.59791660308838,12.5,26.149999618530273,79.6875,63.5,94.5,1023.0833320617676,1021.9500122070312,1024.5499877929688,-0.2791709899902344,-1.600006103515625,-0.4395904541015625,-2.20001220703125,0.36053241215025383,1.5000000298023224,137.54375091195107,567.6000061035156,1.1041666666666667,5.5,9,250,1
home,2025-09-08 00:00:00+00,17.28541664282481,13.650000095367432,23.199999809265137,93.20833333333333,75,99,1022.0833295186361,1020.25,1023.0999755859375,-0.24583307902018228,-1.5,-0.4020830790201823,-2,0.4103009287888805,3.041666626930237,97.46666614028315,599.6499938964844,0.6875,5.5,9,251,1
home,2025-09-09 00:00:00+00,15.606250047683716,12.400000095367432,19.850000381469727,93.16666666666667,81.5,99,1020.0270805358887,1018.6499938964844,1021.7999877929688,-0.20833333333333334,-1.79998779296875,-0.5395838419596354,-2.29998779296875,0.40219907416030765,1.5555555820465088,105.06249827953677,741.9499816894531,0.8541666666666666,7,9,252,0
home,2025-09-10 00:00:00+00,14.524999956289927,10.049999713897705,20.15000057220459,85.58333333333333,60,99,1018.8208312988281,1017.4499816894531,1021.0499877929688,0.20833333333333334,-1.049957275390625,0.3208325703938802,-1.5999755859375,0.6921296302850047,2.944444417953491,152.6083338111639,609.8999938964844,1.2708333333333333,5.5,9,253,0
home,2025-09-11 00:00:00+00,14.78333338101705,9.399999618530273,19.850000381469727,86.97916666666667,71.5,99,1023.8999926249186,1020.6999816894531,1026.4500122070312,0.65625,-0.45001220703125,1.3708343505859375,0.25,0.33159722248092294,2.1388888359069824,128.73125031093755,660.8500061035156,1.0208333333333333,6,9,254,0
home,2025-09-12 00:00:00+00,16.639583428700764,10.949999809265137,21.700000762939453,90.41666666666667,73,99,1026.1166763305664,1025.2999877929688,1026.9000244140625,-0.022913614908854168,-1.050048828125,0.02916717529296875,-1.5999755859375,0.3576388945803046,1.2083333730697632,114.94583238661289,486.6999969482422,0.875,4,9,255,1
home,2025-09-13 00:00:00+00,15.443750123182932,11.400000095367432,22.200000762939453,94.33333333333333,74.5,99,1024.452081044515,1023.1999816894531,1025.6499633789062,-0.06875356038411458,-1.800048828125,-0.2708333333333333,-2.100067138671875,0.2951388872849445,1.6944444179534912,84.45000013709068,334.6000061035156,0.5833333333333334,2.5,9,256,0
home,2025-09-14 00:00:00+00,17.47916664679845,11.300000190734863,25.09999942779541,86.22916666666667,60.5,99,1026.9520874023438,1025.4000244140625,1028.699951171875,0.35833740234375,-0.550048828125,0.8083343505859375,-0.5,0.3564814849135776,1.4583333730697632,175.18749914566675,656.0499877929688,1.4791666666666667,6,9,257,0
home,2025-09-15 00:00:00+00,18.847916781902313,11.550000190734863,26.5,82.04166666666667,56.5,99,1027.3874944051106,1025.8499755859375,1028.7000122070312,0.027079264322916668,-1.1500244140625,-0.020833333333333332,-1.8499755859375,0.45891203451901674,2.291666626930237,184.45624855160713,628.2999877929688,1.6458333333333333,6,9,258,1
home,2025-09-16 00:00:00+00,18.34583334128062,15.800000190734863,22.350000381469727,95.29166666666667,83.5,99,1028.808334350586,1027.75,1030,0.039583841959635414,-1.3499755859375,0.1833343505859375,-2.25,0.4861111141120394,2.75,118.51458337903023,786.8500061035156,0.9583333333333334,7,9,259,0
home,2025-09-17 00:00:00+00,15.499999761581421,15.399999618530273,15.599999904632568,99,99,99,1028.1999816894531,1028,1028.3999633789062,-0.725006103515625,-0.79998779296875,-1.10003662109375,-1.45001220703125,0,0,0,0,0,0,9,260,0
home,2025-09-21 00:00:00+00,14.109259287516275,12.099999904632568,15.433333396911621,99,99,99,1017.9314767343027,1017.6499938964844,1018.25,-3.522220187717014,-10.916666666666629,-7.18333265516493,-11.566691080729129,0.021604937535745126,0.19444443782170615,0.799999992052714,6.599999904632568,0,0,9,264,0
home,2025-09-22 00:00:00+00,10.352083384990692,6.3999998569488525,15.25,91.20833333333333,68.5,99,1019.7375005086263,1017.5500183105469,1021.3499755859375,0.4145825703938802,-0.29998779296875,0.7833340962727865,-0.449981689453125,0.49421296874061227,2.3472222685813904,168.97083441416422,606.2000122070312,1.4166666666666667,5.5,9,265,0
home,2025-09-23 00:00:00+00,9.30833332737287,4.3500001430511475,15.099999904632568,89.72916666666667,62,99,1020.920831044515,1020.25,1021.8000183105469,0.06458409627278645,-0.75,0.13958358764648438,-0.8499755859375,0.47743055457249284,2.055555522441864,135.10624926599363,624.3999938964844,1.125,5.5,9,266,0
home,2025-09-24 00:00:00+00,9.337500040729841,3.399999976158142,16.15000057220459,79.64583333333333,57.5,99,1022.797913869222,1021.5,1024.4000244140625,0.3125,-1.050018310546875,0.618750254313151,-1.70001220703125,0.5503472282240788,2.1527777910232544,150.2541670600573,591.4000244140625,1.2083333333333333,5,9,267,0
home,2025-09-25 00:00:00+00,9.843749910593033,3.6999999284744263,15.099999904632568,85.70833333333333,70,99,1023.28125,1022.1499938964844,1024.300048828125,-0.0020802815755208335,-1.199951171875,-1.2715657552083333e-06,-1.550018310546875,0.3651620379338662,1.0416666865348816,106.8999992410342,485.8500061035156,0.7916666666666666,4,9,268,0
home,2025-09-26 00:00:00+00,10.741666714350382,5.6499998569488525,16.75,84.58333333333333,60.5,99,1023.237501780192,1022.25,1024.2999877929688,0.014581044514973959,-0.95001220703125,0.018750508626302082,-1.400054931640625,0.5833333324020108,2.25,154.60000105698904,713.3500061035156,1.25,6.5,9,269,0
home,2025-09-27 00:00:00+00,11.920833349227905,4.450000047683716,20.199999809265137,80.89583333333333,52,99,1023.6250050862631,1022.7000122070312,1024.5,-0.08750025431315105,-1,-0.10833231608072917,-1.79998779296875,0.5115740761781732,2.541666626930237,162.08124988277754,656.5000114440918,1.3541666666666667,6,9,270,0
home,2025-09-28 00:00:00+00,14.7625000278155,9.399999618530273,20.899999618530273,88.1875,71,99,1022.8041648864746,1021.5499877929688,1024.2000122070312,0.06041717529296875,-1.300018310546875,0.041666666666666664,-1.79998779296875,0.37268518237397075,1.5416666269302368,120.002082914114,523.5999908447266,0.9583333333333334,4.5,9,271,0
home,2025-09-29 00:00:00+00,13.587499876817068,8.799999713897705,19.399999618530273,85.04166666666667,59,99,1024.4291725158691,1023.1499938964844,1025.7000122070312,0.14166895548502603,-1.049957275390625,0.3541704813639323,-1.0999755859375,0.2679398157633841,1.25,100.06666695078214,584.9500122070312,0.75,5,9,272,0
home,2025-09-30 00:00:00+00,13.695833424727121,7.5,20,86.5625,67,99,1025.0645802815754,1024.25,1026,0.062497456868489586,-0.9000244140625,0.11666361490885417,-1.45001220703125,0.4652777765877545,2.291666626930237,128.7437477161487,557.5999755859375,1.0833333333333333,5,9,273,0
home,2025-10-01 00:00:00+00,12.814583351214727,7.549999952316284,19.949999809265137,87.875,68,99,1025.747917175293,1024.7999877929688,1027.0999755859375,0.1604156494140625,-0.7999267578125,0.2708333333333333,-1.00006103515625,0.45717592630535364,2.055555522441864,132.10208316644034,548.5499877929688,1.1041666666666667,5,10,274,0
home,2025-10-02 00:00:00+00,12.543749948342642,5.950000047683716,19.699999809265137,85.20833333333333,65.5,99,1026.3750127156575,1025.2000122070312,1027.3500366210938,-0.06874593098958333,-1.449951171875,-0.09583028157552083,-2.04998779296875,0.4751157391195496,2.291666626930237,148.61666624248028,537.3999938964844,1.2291666666666667,5,10,275,0
home,2025-10-03 00:00:00+00,13.552083353201548,7.549999952316284,19.949999809265137,88.9375,69.5,99,1025.7875010172527,1025.0499877929688,1026.7999877929688,-0.1125030517578125,-1.5,-0.1833368937174479,-1.6500244140625,0.3229166707023978,1.444444477558136,107.77291712164879,471.0500030517578,0.8125,4,10,276,0
home,2025-10-04 00:00:00+00,15.68958322207133,9.75,22.649999618530273,87.41666666666667,65.5,99,1023.0500005086263,1021.75,1024.75,-0.46041615804036456,-1.649993896484375,-0.9312489827473959,-2.70001220703125,0.2957175929720203,1.5833333134651184,135.18749892214933,525.8999938964844,1.1041666666666667,5,10,277,0
home,2025-10-05 00:00:00+00,11.889583299557367,5.3500001430511475,17.199999809265137,82.1875,62,99,1024.7895825703938,1021.3500061035156,1028.199951171875,0.7791620890299479,-0.5,1.4374949137369792,-0.899993896484375,0.6388888933385412,1.8888888955116272,155.69791621590653,593.2000122070312,1.3125,5,10,278,0
home,2025-10-06 00:00:00+00,10.054166654745737,3.649999976158142,17.899999618530273,81.52083333333333,58.5,95,1028.0958404541016,1027.4500122070312,1029.0499877929688,-0.02291107177734375,-1.04998779296875,0.027089436848958332,-1.54998779296875,0.42361111535380286,1.8611111044883728,145.499999354283,556.5,1.2083333333333333,5,10,279,0
home,2025-10-07 00:00:00+00,12.535416712363562,5.450000047683716,21.350000381469727,82.10416666666667,55.5,98,1026.9416631062825,1025.75,1027.7999877929688,-0.1437555948893229,-1.25,-0.27292124430338544,-1.89996337890625,0.3449074081145227,1.6527777910232544,136.2437496961405,580.1999816894531,1.125,5,10,280,0
home,2025-10-08 00:00:00+00,14.237500071525574,7.6000001430511475,21.550000190734863,82.125,56,98.5,1025.4125010172527,1024.300048828125,1026.449951171875,-0.13124593098958334,-1.04998779296875,-0.25833384195963544,-1.5,0.37499999705081183,2.055555522441864,141.41041648884615,561.3000183105469,1.1666666666666667,5,10,281,0
home,2025-10-09 00:00:00+00,13.791666686534882,9.25,19.199999809265137,91.35416666666667,70,99,1026.1187540690105,1024.5,1028.0999755859375,0.2833353678385417,-1.24993896484375,0.5041707356770834,-1.54998779296875,0.22222222418834767,1.4166666865348816,87.78541678686936,434.1499938964844,0.625,3.5,10,282,0
home,2025-10-10 00:00:00+00,12.516666620969772,7.25,18.100000381469727,88.1875,71.5,99,1029.5124969482422,1027.7000122070312,1031,0.34999847412109375,-0.35003662109375,0.7562484741210938,-0.45001220703125,0.3402777776742975,1.6527777910232544,109.00000044517219,497.09999084472656,0.8541666666666666,4.5,10,283,0
home,2025-10-11 00:00:00+00,13.474999994039536,7.799999952316284,20.600000381469727,82.125,54.5,98.5,1030.006253560384,1029.25,1030.9000244140625,-0.13957977294921875,-0.7999267578125,-0.2708282470703125,-1.39996337890625,0.35706018889322877,2.055555582046509,135.19166613432267,554.3500061035156,1.125,5,10,284,0
home,2025-10-12 00:00:00+00,13.766666620969772,7.5,20.600000381469727,82.02083333333333,55.5,97.5,1027.0104166666667,1025.3499755859375,1028.5499877929688,-0.4770863850911458,-1.75006103515625,-0.8875045776367188,-2.25006103515625,0.1932870363816619,1.0555555820465088,122.88125013932586,592.9500122070312,1,5.5,10,285,0
home,2025-10-13 00:00:00+00,13.52083327372869,10.450000286102295,17.899999618530273,91.04166666666667,72,99,1024.1645800272624,1023.3999938964844,1025.0499877929688,-0.2458343505859375,-1.300048828125,-0.5854174296061198,-2.10003662109375,0.2656250009313226,1.3333333134651184,64.87083260715008,349.59999084472656,0.4583333333333333,3,10,286,0
home,2025-10-14 00:00:00+00,13.40833322207133,10.549999713897705,18.299999237060547,96.375,74.5,99,1023.752082824707,1023,1024.800048828125,0.07916768391927083,-0.950042724609375,0.18333562215169272,-0.95001220703125,0.22222222294658422,1.2916666865348816,66.98333296800654,531.1999969482422,0.4583333333333333,4.5,10,287,0
home,2025-10-15 00:00:00+00,13.737500011920929,10.100000381469727,18.899999618530273,89.95833333333333,74,99,1023.8770866394043,1022.6499938964844,1024.5999755859375,-0.045833587646484375,-1.249969482421875,-0.07708358764648438,-1.800018310546875,0.5069444437200824,2.5972222089767456,136.38125093777975,569.75,1.125,5,10,288,0
home,2025-10-16 00:00:00+00,13.536249956819747,8.5,16.800000190734863,89.71666666666665,76,99,1022.7570815192325,1021.7333272298177,1023.5499877929688,-0.147222306993271,-0.95001220703125,-0.3562515258789034,-1.6666666666666288,0.4810185192463299,2.791666626930237,97.80944376024935,397.8000030517578,0.7374999999999998,3.5,10,289,0
home,2025-10-17 00:00:00+00,12.441250026226045,8.566666762034098,18.03333346048991,89.42916666666667,70.2,99,1022.7634723239476,1021.8999877929688,1024.3166910807292,0.16736263699001577,-0.760009765625,0.2805581834581166,-1.0499979654947538,0.32081404542033043,0.951388880610466,107.58263837032848,405.3,0.8083333333333332,3.4,10,290,0
home,2025-10-18 00:00:00+00,11.679861093229716,6.399999936421712,18.450000127156574,88.93333333333332,69.66666666666667,99,1024.4659744262697,1023.8000081380209,1025.183329264323,0.09860992431640625,-0.8666585286458712,0.26319122314453125,-1.1166585286458712,0.25719521698645426,0.875,118.58888932267824,517.3333384195963,0.9569444444444444,4.666666666666667,10,291,0
home,2025-10-19 00:00:00+00,12.598194430934058,7.183333317438762,17.7,87.92430555555558,66.2,99,1021.8975714789495,1018.2666625976562,1024.7000244140625,-0.7722235785590262,-1.723358154296875,-1.4055557250976562,-2.8533406575521667,0.2892939826861645,1.3055555820465088,103.2401447655498,447.02001037597654,0.7305555555555555,3.6,10,292,1
home,2025-10-20 00:00:00+00,12.473611052831012,7.475000023841858,16.84999990463257,93.02777777777779,78,99,1014.7459043714734,1012.9000091552734,1017.5999959309896,-0.4434015485975493,-2.2499898274739962,-1.1267348395453591,-3.8166605631510038,0.3126052193851634,1,98.11527796718809,348.25000381469727,0.49583333333333335,3,10,293,0
home,2025-10-21 00:00:00+00,11.96493054760827,6.325000047683716,19.050000190734863,87.44791666666667,68.25,99,1014.1465273963081,1013.125,1015.1000061035156,-0.03125127156575521,-1.1499786376953125,0.0010407765706380208,-1.5749969482421875,0.41637731636486325,1.4027777910232544,233.56666896740595,497.5250015258789,0.9270833333333334,4,10,294,0
home,2025-10-22 00:00:00+00,13.80104168256124,8.175000190734863,20.374999523162842,86.39583333333333,67.25,99,1015.3062489827474,1014.4249877929688,1015.9499969482422,0.05416679382324219,-0.82501220703125,0.18125025431315103,-0.8249969482421875,0.5150463023067763,1.2222222238779068,209.91388998346198,491.3250045776367,0.8229166666666666,4,10,295,1
home,2025-10-23 00:00:00+00,14.555208384990692,6.3750001192092896,19.17500066757202,65.3125,42.25,89.75,1013.9718710581461,1011.0999908447266,1018.2999877929688,0.3406238555908203,-2.5250244140625,0.5427061716715494,-3.9250030517578125,0.6306905857313218,1.1527777910232544,217.72083254282674,485.74999237060547,0.8541666666666666,4,10,296,0
home,2025-10-24 00:00:00+00,7.860416658222675,2.2499999403953552,14.525000095367432,77.77083333333333,61,89.25,1019.3104165395101,1018.4250030517578,1020.4000091552734,0.15520922342936197,-1.2500152587890625,0.4083353678385417,-1.32501220703125,0.32108410685840577,0.979166641831398,222.51597221940756,480.2750015258789,0.90625,4,10,297,1
home,2025-10-25 00:00:00+00,11.076041633884111,6.199999928474426,17.174999713897705,85.26041666666667,63.25,99,1017.3375008900961,1015.75,1018.9250183105469,-0.17499923706054688,-1.6500244140625,-0.37708282470703125,-2.4250030517578125,0.4467592600635008,1.7916666269302368,169.13484934649685,379.1999969482422,0.5625,3,10,298,0
home,2025-10-26 00:00:00+00,9.040277736882368,2.349999964237213,13.299999952316284,90.38888888888887,74.5,99,1019.6274286905924,1017.3499908447266,1022.9000091552734,0.5895837148030599,-0.7500152587890625,1.079165776570638,-0.8000030517578125,0.4935699601795662,1.5208333134651184,211.7770827271872,474,0.84375,4,10,299,0
home,2025-10-27 00:00:00+00,6.280208321831499,0.2750000078231096,14.474999904632568,85.73958333333333,60.75,99,1023.0218747456869,1022.0249938964844,1024.3250122070312,0.1843738555908203,-1.1249847412109375,0.45208295186360675,-0.949981689453125,0.3575617319179906,0.6458333283662796,236.62272705815056,481.9000015258789,0.875,4,10,300,0
home,2025-10-28 00:00:00+00,7.996874983112018,2.299999952316284,16.825000286102295,85.55208333333333,58.5,99,1022.366668065389,1019.8750152587891,1023.9999847412109,-0.4812482198079427,-2.0999908447265625,-0.8197898864746094,-2.7500152587890625,0.3658950642579131,0.8958333283662796,218.2409087527882,471.5999984741211,0.8020833333333334,4,10,301,1
home,2025-10-29 00:00:00+00,7.08541667709748,2.974999964237213,9.950000286102295,96.4375,89.25,99,1016.0947914123535,1013.9250030517578,1019.6999969482422,-0.6885414123535156,-1.875,-1.5260416666666667,-2.9749755859375,0.21527778202046952,0.24074074750145277,13.08333335591085,28.175000190734863,0,0,10,302,1
home,2025-10-30 00:00:00+00,9.836458345254263,5.299999952316284,16.15000009536743,95.6875,82,99,1017.0010426839193,1014.6499938964844,1019,0.4885406494140625,-0.874969482421875,1.0145829518636067,-0.6999969482421875,0.3941498342901468,0.7777777798473835,222.06818173148415,457.6499938964844,0.8229166666666666,4,10,303,0
home,2025-10-31 00:00:00+00,8.880208353201548,4.074999928474426,15.549999713897705,93.09375,78.5,99,1020.0218728383383,1018.9749908447266,1021.2749938964844,0.2885398864746094,-1.225006103515625,0.5885391235351562,-1.225006103515625,0.2920524718032943,0.833333320915699,158.58030329147977,341.2250061035156,0.5104166666666666,2.5,10,304,0
home,2025-11-01 00:00:00+00,10.73020831743876,5.800000071525574,18.97499990463257,90.48958333333333,58,99,1021.565626780192,1020.5499877929688,1022.5500030517578,0.13541793823242188,-1.5,0.3114604949951172,-1.25,0.23931624074108326,0.4652777770534158,162.79999969764188,355.7749938964844,0.5208333333333334,3,11,305,0
home,2025-11-02 00:00:00+00,9.83333334326744,5.100000023841858,13.600000143051147,93.25,79.75,99,1022.7218748728434,1020.5000152587891,1026,0.45729319254557294,-1.149993896484375,0.7760429382324219,-1.824981689453125,0.3993827175762918,1.1574074228604634,129.42348428567252,307.8499984741211,0.3854166666666667,2.5,11,306,0
home,2025-11-03 00:00:00+00,7.908333343764146,3.074999988079071,15.525000095367432,86.95833333333333,66.75,98.25,1027.369785308838,1025.9250183105469,1028.5499877929688,0.3041636149088542,-1.4749755859375,0.6718711853027344,-1.574981689453125,0.2855392168367318,0.6041666641831398,205.19999903440475,456.4249954223633,0.7395833333333334,4,11,307,0
home,2025-11-04 00:00:00+00,8.033333343764147,2.550000011920929,16.90000009536743,82.1875,47.75,99,1026.5718739827473,1025.3999938964844,1027.875,-0.23020553588867188,-1.475006103515625,-0.41145579020182294,-1.825042724609375,0.31452546590783936,0.8611110846201578,208.82272898744452,461.17501068115234,0.75,4,11,308,1
home,2025-11-05 00:00:00+00,9.36562500645717,3.024999976158142,15.625,91.20833333333333,71.75,99,1023.307289759318,1019.8999938964844,1025.6999816894531,-0.7625013987223307,-2.2500152587890625,-1.4468758900960286,-3.45001220703125,0.32118055620230734,0.7361111007630825,175.45757593891838,497.2749938964844,0.6041666666666666,4.5,11,309,1
home,2025-11-06 00:00:00+00,8.290624991059303,4.449999928474426,11.474999904632568,97.11458333333333,85.75,99,1014.020835240682,1010.8250122070312,1018.5999908447266,-0.7229169209798177,-2.6750030517578125,-1.6364580790201824,-5.29998779296875,0.48163580019026997,1.1875,161.8031242353221,330.3000030517578,0.40625,2.75,11,310,0
home,2025-11-07 00:00:00+00,7.143749989569187,3.974999964237213,12.950000047683716,95.97916666666667,81.25,99,1015.9364554087321,1014.5499877929688,1016.8000030517578,0.2270838419596354,-1.5749969482421875,0.6052080790201823,-1.4999847412109375,0.38888889106197483,0.7708333358168602,166.4810617764791,342.40000915527344,0.5625,2.75,11,311,1
home,2025-11-08 00:00:00+00,7.047916663189729,3.549999952316284,10.924999952316284,96.5625,80.75,99,1017.1468741099039,1014.5499877929688,1021.2999877929688,0.6010405222574869,-1.175018310546875,0.9979159037272135,-2.0500030517578125,0.29957561877866584,0.6458333358168602,88.5533324042956,181.95000076293945,0.20833333333333334,1.25,11,312,0
home,2025-11-09 00:00:00+00,6.513541681071122,2.425000011920929,14.274999856948853,88.3125,66.75,99,1021.8374983469645,1021.1999816894531,1022.8500213623047,0.05416679382324219,-1.199981689453125,0.3281256357828776,-1.3499908447265625,0.3589181327832895,0.7638888955116272,187.22954485633156,428.125,0.65625,4,11,313,0
home,2025-11-10 00:00:00+00,6.257291658471028,1.0999999642372131,14.525000095367432,90.61458333333333,68,99,1020.2927087148031,1019,1022.1999969482422,0.05208460489908854,-1.225006103515625,-0.06354077657063802,-2.0249786376953125,0.2736625556178667,0.40740740795930225,164.88863710201147,368.9499969482422,0.53125,3,11,314,0
home,2025-11-11 00:00:00+00,6.765625011175871,2.1249999701976776,15.125,90.15625,66.75,99,1021.2135454813639,1020,1022.0750122070312,-0.0354162851969401,-1.350006103515625,-0.018749237060546875,-1.850006103515625,0.41096866216797096,0.9444444477558136,170.83939472834268,408.6000061035156,0.5625,3.5,11,315,0
home,2025-11-12 00:00:00+00,8.308333362142244,2.75,17.924999713897705,87.46875,62.75,99,1022.5364589691162,1021,1024.8250122070312,0.35312525431315106,-1.17498779296875,0.6749992370605469,-1,0.280709879555636,0.5277777761220932,173.98788013196352,379.8250045776367,0.5833333333333334,3,11,316,0
home,2025-11-13 00:00:00+00,10.27395831545194,4.5249998569488525,19.27500009536743,77.94791666666667,42.25,90.5,1022.3177076975504,1020.7750091552734,1024.1999816894531,-0.4479166666666667,-1.8500213623046875,-0.7947902679443359,-2.95001220703125,0.24942130299233312,0.368055559694767,128.05757441665187,296.3249969482422,0.375,2.25,11,317,1
home,2025-11-14 00:00:00+00,10.179166624943415,8.349999904632568,11.724999904632568,96.61458333333333,87.5,99,1016.1781228383383,1013.1250152587891,1019.8999938964844,-0.6593755086263021,-2.9250030517578125,-1.462502161661784,-4.2249908447265625,0.32458847719762063,0.6944444458931684,15.455555539440224,25.324999809265137,0,0,11,318,1
home,2025-11-15 00:00:00+00,9.049999987085661,5.2500001192092896,13.674999713897705,91.33333333333333,70.5,99,1016.1718743642172,1014.7750091552734,1017.3250122070312,-0.06875101725260417,-1.274993896484375,0.0864575703938802,-1.350006103515625,0.49197531075527273,1.2986110895872116,158.94545435905457,392.6500015258789,0.5625,3.5,11,319,1
home,2025-11-16 00:00:00+00,8.76145834227403,3.850000023841858,12.724999904632568,94.41666666666667,83.75,99,1013.0187505086263,1011.8500061035156,1014.7249908447266,-0.06875038146972656,-2.0500030517578125,-0.3135414123535156,-3.3499908447265625,0.3911072516736264,1.0555555634200573,141.0249997621233,372.875,0.4270833333333333,3,11,320,0
home,2025-11-17 00:00:00+00,6.2218749697009725,2.0000000298023224,13.274999856948853,94.36458333333333,73.75,99,1016.3072929382324,1014.2249908447266,1018.4750061035156,0.4687512715657552,-0.45001220703125,0.9385420481363932,0.0250091552734375,0.2928240766050294,0.7916666567325592,133.56136425968373,392.32500076293945,0.4270833333333333,3.25,11,321,0
home,2025-11-18 00:00:00+00,4.020833332867672,0.10000000335276127,10.849999904632568,93.94791666666667,78.25,99,1018.9041639963785,1017.6499938964844,1020.1999969482422,0.19479052225748697,-1.4000091552734375,0.484375,-1.2500152587890625,0.21151620739450053,0.4236111119389534,154.54318216172132,365.75,0.5208333333333334,3,11,322,0
home,2025-11-19 00:00:00+00,1.7326388861725315,-0.5750000178813934,5.475000023841858,95.69791666666667,85,99,1015.9802074432373,1014.1999969482422,1019.1499938964844,-0.584374745686849,-1.57501220703125,-1.1614570617675781,-2.9749755859375,0.2587145982931058,0.9097222089767456,136.29999909075823,417.3499984741211,0.4375,3.5,11,323,0
home,2025-11-20 00:00:00+00,1.476041672233906,-1.9499999582767487,8.149999976158142,83.84375,41,99,1015.328125,1014.7500152587891,1016.0250091552734,0.023958206176757812,-1.20001220703125,0.03437360127766927,-1.2249755859375,0.30767747252765626,1.298611119389534,155.46166711747645,353.6750030517578,0.4791666666666667,3,11,324,0
home,2025-11-21 00:00:00+00,0.20694444323372507,-2.275000035762787,2.324999988079071,56.0625,41.5,89.25,1018.773956934611,1014.625,1022.3500061035156,0.8395830790201823,-0.7249908447265625,1.6822929382324219,-0.899993896484375,0.7987075657583773,1.2638888955116272,160.08416769901913,347.00000762939453,0.46875,3,11,325,0
home,2025-11-22 00:00:00+00,1.356597209064704,-2.2999999821186066,6.049999952316284,53.354166666666664,26,78,1023.199997584025,1021.5749969482422,1024.5999755859375,0.1322917938232422,-0.8750152587890625,0.31562360127766925,-0.8750152587890625,0.6311026953696979,1.6180555671453476,154.06333341201145,340.6749954223633,0.4895833333333333,3,11,326,0
home,2025-11-23 00:00:00+00,3.076041671913117,-2.400000035762787,9.875,73.66666666666667,52.25,89.25,1020.7927080790201,1018.1999969482422,1022.6999969482422,-0.5520833333333334,-1.8249969482421875,-1.0385411580403645,-2.07501220703125,0.23726852145045998,0.42592592537403107,157.84250006079674,342.9250030517578,0.4479166666666667,2.75,11,327,0
home,2025-11-24 00:00:00+00,6.816666652758916,3.800000011920929,11.549999713897705,87.36458333333333,72.75,97.75,1011.632293065389,1008.2249908447266,1017.6000061035156,-1.136456807454427,-2.9750213623046875,-2.4854164123535156,-4.6500091552734375,0.4272343018294676,1.0486111044883728,136.78250074436266,343.60000228881836,0.3958333333333333,2.75,11,328,0
home,2025-11-25 00:00:00+00,6.339583347241084,2.450000047683716,10.100000143051147,54.989583333333336,37.25,73.75,1012.616668065389,1009.0500030517578,1016.3750152587891,0.7541669209798177,-0.8499908447265625,1.5927085876464844,-0.850006103515625,0.8684413575619044,1.6458333432674408,157.47333248356978,336.37499237060547,0.5,2.75,11,329,0
home,2025-11-26 00:00:00+00,4.9989583392937975,2.400000035762787,7.5,35.90625,28.5,47.75,1018.1177062988281,1015.1999969482422,1020.5,0.580206553141276,-1.175018310546875,1.0614566802978516,-0.7249755859375,1.2583912038244307,1.9930555671453476,147.6033320258061,317.1999969482422,0.4479166666666667,2.75,11,330,0
home,2025-11-27 00:00:00+00,1.5833333337989945,-3.850000023841858,10.849999904632568,49.364583333333336,24.75,65,1021.5531266530355,1019.9749908447266,1023.7249908447266,0.398959477742513,-1.0250091552734375,0.8302103678385416,-0.4499969482421875,0.34587191834321446,0.7430555522441864,149.92250083684922,320.4250030517578,0.46875,2.75,11,331,0
home,2025-11-28 00:00:00+00,4.484375016298145,-1.4500000178813934,11.950000047683716,63.46875,47,84.25,1022.4093729654948,1021.25,1023.2750091552734,-0.1833343505859375,-1.7249908447265625,-0.2562510172526042,-1.725006103515625,0.26525673821963597,0.4861111119389534,147.27416553373138,323.4499969482422,0.4583333333333333,2.75,11,332,0
home,2025-11-29 00:00:00+00,4.41180555561247,-0.2000000054637591,12.275000095367432,81.75,58,93.25,1018.1770820617676,1015.5500030517578,1021.4750061035156,-0.8083330790201823,-2.25,-1.6135412851969402,-3.5,0.29766414832380234,0.5972222238779068,136.58000064492225,292.5500030517578,0.3958333333333333,2.5,11,333,0
home,2025-11-30 00:00:00+00,3.17743056663312,-0.4750000052154064,10.775000095367432,84.22916666666667,61.25,95.5,1018.0145854949951,1014.3000183105469,1021.9750061035156,0.7635421752929688,-1.125,1.3885421752929688,-1.5000152587890625,0.3293845350214956,0.6111111044883728,104.08666551113129,233.1999969482422,0.2708333333333333,2,11,334,0
home,2025-12-01 00:00:00+00,1.1795138898305595,-3.399999976158142,9,84.79166666666667,61.25,96.25,1020.5395857493082,1018.7500152587891,1022,-0.34270795186360675,-1.85003662109375,-0.4989585876464844,-2.6250152587890625,0.27364418531457585,0.618055559694767,146.6749997355044,323.24999237060547,0.4375,3,12,335,0
home,2025-12-02 00:00:00+00,2.973958333695515,-1.0750000029802322,9.874999761581421,85.61458333333333,61,98.5,1015.192705154419,1013.6500091552734,1018.125,-0.6625003814697266,-1.9750213623046875,-1.3697916666666667,-2.925018310546875,0.3417508443535277,0.6944444589316845,145.24166826407117,328.875,0.4375,3,12,336,0
home,2025-12-03 00:00:00+00,2.54756944352347,-1.2249999940395355,9.625,84.51041666666667,60,99,1014.7395814259847,1012.9750061035156,1016.7000122070312,0.3645820617675781,-1.1000213623046875,0.6406243642171224,-1.0999908447265625,0.4021604987689191,0.7777777910232544,142.50916678110758,313.9499969482422,0.4270833333333333,2.75,12,337,0
home,2025-12-04 00:00:00+00,0.1635416637743927,-2.5,3.650000035762787,89.65625,79.5,99,1013.9020805358887,1012.1999816894531,1015.875,-0.5041662851969401,-1.8499908447265625,-0.8968760172526041,-1.899993896484375,0.2252680363885143,0.5277777910232544,48.470000084241235,84.97500038146973,0.010416666666666666,0.25,12,338,0
home,2025-12-05 00:00:00+00,2.1562499817615994,-2.1249999701976776,9.374999761581421,85.73958333333333,39.75,99,1016.1312497456869,1012.0749969482422,1019.9750061035156,0.9114596048990885,-0.8499908447265625,1.6864598592122395,-1.2249908447265625,0.37610229901555514,0.625,123.13333246310552,326.5999984741211,0.375,3,12,339,0
home,2025-12-06 00:00:00+00,4.623611093162455,-0.06666666766007741,13.524999856948853,90.64583333333333,66.25,99,1021.1604150136312,1019.3499908447266,1023.3249969482422,0.4177080790201823,-0.79998779296875,0.837500254313151,-0.57501220703125,0.3098958370586236,0.4444444477558136,120.70749929919839,273.625,0.34375,2.25,12,340,0
home,2025-12-07 00:00:00+00,6.291666640589635,2.1249999701976776,14.375,89.39583333333333,67.5,99,1023.4447905222574,1022.3250122070312,1025.0249938964844,0.20833206176757812,-1.699981689453125,0.39687347412109375,-1.0749969482421875,0.28761574168068665,0.6388888756434122,130.5283332000176,263.60000228881836,0.375,2,12,341,0
home,2025-12-08 00:00:00+00,5.626041699200869,1.0750000029802322,15.500000238418579,88.5625,63.5,99,1024.68541653951,1023.6999969482422,1025.5500183105469,-0.0041656494140625,-1.7750091552734375,0.05104382832845052,-1.77496337890625,0.2713477422517758,0.3958333358168602,121.02499914964042,307.3499984741211,0.34375,2.5,12,342,0
home,2025-12-09 00:00:00+00,5.913541656608383,0.8250000029802322,14.600000143051147,73.47916666666667,47.25,88.75,1023.5718733469645,1022.625,1024.7749938964844,-0.23333358764648438,-1.449981689453125,-0.45520909627278644,-1.7500152587890625,0.26018518859313594,0.3888888955116272,137.13833308617274,303.9500045776367,0.3854166666666667,2.5,12,343,0
home,2025-12-10 00:00:00+00,6.123958334326744,2.525000035762787,13.025000095367432,84.73958333333333,69.25,99,1025.0322882334392,1022.625,1027.8500061035156,0.5927085876464844,-0.600006103515625,1.133331298828125,-0.32501220703125,0.2623456853390154,0.604166679084301,118.1350004116694,252.5250015258789,0.28125,2,12,344,0
home,2025-12-11 00:00:00+00,5.113541673868895,1.175000011920929,13.650000095367432,90.63541666666667,68.5,99,1025.979169209798,1024.5250244140625,1027.8249816894531,-0.34583409627278644,-2.125,-0.6343714396158854,-2.85003662109375,0.3356481513905305,0.8958333283662796,128.28583219548065,290.8499984741211,0.34375,2.25,12,345,0
home,2025-12-12 00:00:00+00,3.223958298408737,-1.9000000059604645,10.149999856948853,92.39583333333333,78.75,98.5,1024.5989570617676,1023.7249908447266,1027.5,0.25416819254557294,-0.975006103515625,0.3395830790201823,-1.42498779296875,0.38333333656191826,0.8819444328546524,125.57916807333626,291.9000015258789,0.3333333333333333,2.25,12,346,0
home,2025-12-13 00:00:00+00,4.73472223805988,0.033333333830038704,11.649999856948853,91.27083333333333,72.5,99,1028.508336385091,1027.3500061035156,1029.9500122070312,0.2833353678385417,-1.875,0.6822929382324219,-1.9000244140625,0.3258101862544815,0.6666666567325592,130.17916577657064,305.9749984741211,0.375,2.5,12,347,0
home,2025-12-14 00:00:00+00,4.52152780120054,0.16666666666666666,11.050000190734863,91.36458333333333,70.25,99,1026.7406222025554,1024.7999877929688,1028.9750061035156,-0.5354194641113281,-2.350006103515625,-0.9166692097981771,-2.949981689453125,0.22974537580739707,0.4027777910232544,125.23249955972037,294.4749984741211,0.3333333333333333,2.25,12,348,1
home,2025-12-15 00:00:00+00,5.984375022351742,4.325000166893005,9.049999952316284,98.20833333333333,93,99,1018.9958356221517,1014.9499969482422,1024.2000122070312,-1.2354164123535156,-2.9250030517578125,-2.4416656494140625,-4.4749755859375,0.5152116437398252,0.9166666865348816,47.70312460822364,115.04999923706055,0.041666666666666664,0.5,12,349,0
home,2025-12-16 00:00:00+00,6.015625,3.224999964237213,10.450000047683716,96.29166666666667,80,99,1015.4489587148031,1012.8499908447266,1020.1749877929688,0.5708332061767578,-1.5749969482421875,0.8145821889241537,-2.4000244140625,0.26736111550902325,0.6111111044883728,86.50583377083142,218.02500534057617,0.21875,1.75,12,350,0
home,2025-12-17 00:00:00+00,5.195833353946607,1.5750000178813934,11.350000143051147,94.4375,75.25,99,1024.5020809173584,1020.5499877929688,1027.4499816894531,0.9583339691162109,-0.975006103515625,2.0343748728434243,0,0.23341049564381441,0.381944440305233,94.2224990606308,214.47499465942383,0.21875,1.75,12,351,0
home,2025-12-18 00:00:00+00,4.562500037873785,0.8750000149011612,12.424999952316284,93.4375,73.25,99,1026.5031280517578,1025.1000061035156,1027.5499877929688,-0.16145833333333334,-1.9749755859375,-0.2666664123535156,-2.374969482421875,0.3657407414306093,0.7499999888241291,131.60749887625374,298.625,0.3541666666666667,2.25,12,352,0
home,2025-12-19 00:00:00+00,4.857638889716731,0.15000000223517418,13.324999809265137,90.09375,64.5,99,1023.3020915985107,1021.6500091552734,1025.5500183105469,-0.5093746185302734,-1.8499908447265625,-0.9364566802978516,-2.375,0.2746913636413713,0.5277777910232544,116.75249951084456,296.0249938964844,0.3229166666666667,2,12,353,1
home,2025-12-20 00:00:00+00,4.035416662693024,1.7999999821186066,6.774999976158142,97.33333333333333,91.75,99,1017.9593766530355,1014.4749908447266,1021.0749969482422,-0.891668955485026,-1.70001220703125,-1.7010447184244792,-2.75,,,39.53999975025654,70.35000038146973,0,0,12,354,1
home,2025-12-21 00:00:00+00,4.340624990562598,1.5000000298023224,7.225000023841858,98.51041666666667,90.75,99,1010.0197900136312,1007.7250061035156,1013.9999847412109,-0.8624986012776693,-2,-1.8208319346110027,-2.8749847412109375,0.39074074427286787,0.5370370348294576,55.47250072956085,124.87500190734863,0.08333333333333333,0.75,12,355,1
home,2025-12-22 00:00:00+00,1.1420289876236434,0.10000000149011612,3.475000023841858,99,99,99,1007.3999989827474,1005.9250030517578,1008.8500061035156,0.052083333333333336,-1.1500244140625,0.11770820617675781,-1.9000091552734375,0.3277777798473835,0.5277777910232544,51.68249988853931,121.29999923706055,0.09375,0.75,12,356,1
home,2025-12-23 00:00:00+00,1.5624999971025517,-0.75,4.825000047683716,98.72916666666667,96.75,99,1008.0291646321615,1006.6499938964844,1010.9750061035156,0.30312538146972656,-0.7249908447265625,0.3947925567626953,-1.20001220703125,0.25514404013476993,0.5277777910232544,68.1374999165535,219.77499771118164,0.11458333333333333,1.75,12,357,0
home,2025-12-24 00:00:00+00,2.032291669088105,-0.8499999940395355,7.5000001192092896,96.65625,85,99,1010.2354157765707,1008.4250030517578,1011.6499938964844,-0.011458079020182291,-1.95001220703125,0.002083460489908854,-2.6499786376953125,0.3148148198508554,0.5277777910232544,111.76916639010112,272.92499923706055,0.28125,2.25,12,358,1
home,2025-12-25 00:00:00+00,2.7499999987582364,0.6250000149011612,4.099999904632568,99,99,99,1014.1333357493082,1011.1750030517578,1015.5750122070312,0.5447902679443359,-0.79998779296875,1.2822901407877605,-0.42498779296875,0.08333333488553762,0.11111111380159855,35.86000007390976,72.14999961853027,0,0,12,359,1
home,2025-12-26 00:00:00+00,5.30729163189729,3.599999964237213,7,96.07291666666667,86,99,1016.5562527974447,1013.8750152587891,1020.5500030517578,0.6739590962727865,-0.8249969482421875,1.1864604949951172,-1.3249969482421875,0.3434928003008719,0.8055555671453476,50.312500396370886,87.69999980926514,0.052083333333333336,0.5,12,360,1
home,2025-12-27 00:00:00+00,5.288541654745738,4.049999952316284,7.450000047683716,97.65625,91,99,1022.0427080790201,1020.4749908447266,1023.875,0.39999961853027344,-1.725006103515625,0.8166643778483073,-1.70001220703125,0.36053241227443017,0.7569444477558136,63.597222185797165,150.02499866485596,0.07291666666666667,0.75,12,361,0
home,2025-12-28 00:00:00+00,4.555208368847768,1.1500000059604645,11.150000095367432,93.57291666666667,71.5,99,1022.5677076975504,1021.2249908447266,1023.5249938964844,-0.10104179382324219,-2.0249786376953125,-0.13854153951009116,-2.1999969482421875,0.24686819541395882,0.4444444477558136,113.51166700422763,258.6999988555908,0.3229166666666667,2.25,12,362,1
home,2025-12-29 00:00:00+00,4.382291670888662,1.5499999821186066,7.549999952316284,98.63541666666667,93.75,99,1022.0031248728434,1020.9750061035156,1022.9499969482422,-0.15416590372721353,-1.6500091552734375,-0.2927080790201823,-1.6750030517578125,0.1930555608123541,0.3888888955116272,66.29583329061667,158.42499923706055,0.10416666666666667,1,12,363,0
home,2025-12-30 00:00:00+00,1.6888888881076127,-1.8999999463558197,9.099999904632568,96.08333333333333,82.25,99,1019.4843741522894,1017.8000183105469,1021.25,-0.25625165303548175,-1.9916483561197538,-0.5739587148030599,-2.04998779296875,0.2579365113217916,0.4444444477558136,137.99416580200196,302.625,0.4131944444444444,2.5,12,364,0
home,2025-12-31 00:00:00+00,0.4279411670697086,-4.475000023841858,6.674999952316284,89.8529411764706,78.25,98.25,1020.0691160314224,1018.7499847412109,1021.2750091552734,0.15735491584329045,-1.07501220703125,0.42647238338694854,-0.850006103515625,0.4001322787343747,0.604166679084301,143.39500060081483,298.5999984741211,0.5147058823529411,2.25,12,365,0
home,2026-01-02 00:00:00+00,3.819999998807907,2.099999964237213,7.900000095367432,81.3,65,88.75,1011.522494506836,1011.2749938964844,1011.7999877929688,-2.6800048828125,-9.225006103515625,-5.322505187988281,-9.425003051757812,0.22762346243554793,0.4027777910232544,57.502778033415474,116.4000015258789,0.1,1,1,2,1
home,2026-01-03 00:00:00+00,4.955208336313565,2.649999976158142,9.199999809265137,94.48958333333333,81.5,99,1010.1062507629395,1008.875,1011.0500030517578,-0.2343724568684896,-1.4000091552734375,-0.5052064259847006,-2.125,0.47434413870279163,0.9236111268401146,114.06083386788767,274.29999923706055,0.3020833333333333,2.25,1,3,1
home,2026-01-04 00:00:00+00,3.4124999766548476,1.699999988079071,4.3750001192092896,99,99,99,1008.497917175293,1007.3500061035156,1009.6249847412109,-0.026042938232421875,-1.25,-0.11666679382324219,-1.5250091552734375,0.21921296557411551,0.6805555522441864,39.15000022649765,88.57500171661377,0.010416666666666666,0.25,1,4,1
home,2026-01-05 00:00:00+00,-0.872916670050472,-4.774999976158142,1.2249999940395355,99,99,99,1010.2656237284342,1009.2249908447266,1011.9000091552734,0.27604230244954425,-1.1750030517578125,0.5447915395100912,-0.725006103515625,0.1111111119389534,0.1111111119389534,18.66249997019768,37.575000286102295,0,0,1,5,1
home,2026-01-06 00:00:00+00,-2.08750000795246,-6.875,3.75,73.57291666666667,25.75,99,1013.5114580790201,1011.6000061035156,1016.5249938964844,0.6041660308837891,-0.70001220703125,1.2020823160807292,-0.1750030517578125,0.48211279478996544,1.2847222089767456,161.35416570703188,302.5500030517578,0.5,2.5,1,6,0
home,2026-01-07 00:00:00+00,-2.555555559358456,-6.5,2.875,63.67361111111111,34.25,93,1018.0447940826416,1016.3250122070312,1021.9000091552734,0.5927085876464844,-0.8583424886068087,1.0197912851969402,-0.35834248860680873,0.26736111575478894,0.4722222238779068,111.69166609793902,263.0499954223633,0.2916666666666667,2,1,7,0
home,2026-01-08 00:00:00+00,-3.7500000298023224,-4.25,-3.1750000715255737,96,93.25,98,1022.1525039672852,1021.5250091552734,1022.7000122070312,0.4200042724609375,-0.149993896484375,1.3375045776367187,0.25,0.2144097279912482,0.4097222313284874,9.350000182787577,10.800000190734863,0,0,1,8,0
home,2026-01-09 00:00:00+00,3.2166666885217032,2.724999964237213,4.0000001192092896,55.625,50.5,59.5,1016.0291620890299,1015,1016.6000061035156,-3.037506103515625,-7.45001220703125,-6.400006612141927,-7.324981689453125,0.6111111061440574,0.9513888657093048,,,0,0,1,9,0
home,2026-01-10 00:00:00+00,3.6197916554131857,-1.1250000298023224,7.349999904632568,63.979166666666664,51,80.75,1019.052080154419,1016.5749816894531,1021.5499877929688,0.5583318074544271,-1.2249908447265625,1.1395829518636067,-0.774993896484375,0.8869598732562736,2.680555582046509,141.37250003367663,333.5249938964844,0.4166666666666667,3,1,10,0
home,2026-01-11 00:00:00+00,1.2760416683740914,-3.300000011920929,8.75,80.58333333333333,61.75,94,1024.3166631062825,1021.8249969482422,1025.4499816894531,0.5395863850911459,-1.4499969482421875,1.1729202270507812,-1.04998779296875,0.29993386677510686,0.49074073632558185,138.9841655895114,298.9499969482422,0.375,2,1,11,0
home,2026-01-12 00:00:00+00,3.162500004284084,-1.2249999940395355,10.700000047683716,86.5625,68,98,1023.4114589691162,1021.9499969482422,1024.9750061035156,-0.3895854949951172,-1.5000152587890625,-0.7312526702880859,-1.9750213623046875,0.1550925945242246,0.2777777910232544,115.4666665951411,213.25,0.2916666666666667,1.75,1,12,0
home,2026-01-13 00:00:00+00,4.030902763776894,-0.20000000298023224,12.149999856948853,87.98958333333333,64.75,98,1020.3531271616617,1018.8249969482422,1021.5499877929688,-0.20624923706054688,-1.95001220703125,-0.5010414123535156,-2.45001220703125,0.2743055575992912,0.4722222089767456,111.66749935746194,202.45000076293945,0.3125,1.5,1,13,0
home,2026-01-14 00:00:00+00,4.337152765856849,-0.10000000397364299,13.724999904632568,81.14583333333333,52.5,92.75,1021.0531260172526,1020.3250122070312,1021.9750061035156,0.15208307902018228,-1.524993896484375,0.3364582061767578,-1.1999969482421875,0.3540448359328142,0.7708333283662796,153.31500037908555,323.3249969482422,0.4270833333333333,2.5,1,14,0
home,2026-01-15 00:00:00+00,2.839583349181339,-1.399999976158142,9.775000095367432,87.14583333333333,70.25,96,1019.7625001271566,1018.1749877929688,1021.4750061035156,-0.4031251271565755,-1.7750091552734375,-0.7541662851969401,-2.54998779296875,0.4758391209761612,1.0694444552063942,148.07416578928627,320.6499938964844,0.4583333333333333,2.75,1,15,1
home,2026-01-16 00:00:00+00,2.881249978284662,-0.800000011920929,6.099999904632568,93.1875,85.75,99,1017.155206044515,1016.4250030517578,1018,-0.1916662851969401,-1.4000091552734375,-0.41458384195963544,-1.6999969482421875,0.0555555559694767,0.0555555559694767,48.69000010689099,108.60000038146973,0.03125,0.75,1,16,1
home,2026-01-17 00:00:00+00,3.718749993791183,1.0499999821186066,5.599999904632568,98.98958333333333,98.75,99,1014.3229185740153,1012.8000030517578,1016.4999847412109,-0.4604167938232422,-2.3749847412109375,-0.8979155222574869,-2.1250152587890625,0.3871082653506444,1.5555555820465088,16.459375026946265,33.47499942779541,0,0,1,17,1
home,2026-01-18 00:00:00+00,2.9340909069234673,2.4499999284744263,3.5,99,99,99,1013.8977231112393,1012.8500061035156,1015.0999755859375,0.47499500621448865,-0.625,0.6090864701704546,-0.774993896484375,0.2777777798473835,0.3055555522441864,16.06875005364418,22.5,0,0,1,18,1
home,2026-01-19 00:00:00+00,2.5249999993377257,1.899999976158142,4.183333317438762,98.97222222222221,98.75,99,1005.312777709961,1003.7666727701823,1005.8000030517578,-1.8683308919270833,-11.29998779296875,-3.528331502278646,-10.175018310546875,0.17500000055879356,0.6111111044883728,50.15555553083066,137.1499983469645,0.07222222222222223,0.8333333333333334,1,19,1
home,2026-01-20 00:00:00+00,2.107291671137015,1.149999976158142,3,97.85416666666667,94.75,99,1004.319793065389,1003.1999969482422,1005.2750091552734,-0.13020706176757812,-1.524993896484375,-0.2802085876464844,-2.42498779296875,0.23799190165785453,0.638888880610466,17.712121414867315,34.47500038146973,0,0,1,20,1
home,2026-01-21 00:00:00+00,2.777083337927858,1.6749999970197678,4.825000047683716,98.79166666666667,95.25,99,999.5093739827474,992.6000061035156,1004.25,-0.3593756357828776,-3.3000030517578125,-1.3177083333333333,-5.850006103515625,0.38047138454787655,0.944444477558136,78.17272648977286,323.6749954223633,0.16666666666666666,2.75,1,21,0
home,2026-01-22 00:00:00+00,4.130902765215271,-0.5333333512147268,10.149999856948853,92.5,56.75,99,1001.8135414123535,998.6750030517578,1004.9499969482422,0.3270835876464844,-1.699981689453125,1.3260421752929688,-3.449981689453125,0.42893518060445784,0.6111111044883728,164.67500034570693,370.3000030517578,0.5208333333333334,3,1,22,0
home,2026-01-23 00:00:00+00,2.6329861320296506,-0.8250000029802322,9.175000190734863,84.67708333333333,54.5,99,1001.7156219482422,1000.3249969482422,1003.7499847412109,-0.2770837148030599,-1.8249969482421875,-0.5427093505859375,-2.9750213623046875,0.4542824063488904,1.2569444626569748,168.13636403372794,379.3000030517578,0.5729166666666666,3,1,23,1
home,2026-01-24 00:00:00+00,0.30555556028977865,-1.9000000059604645,1.7500000298023224,95.03125,81.75,99,999.2937501271566,995.8500061035156,1004.3999938964844,0.18854204813639322,-2.2499847412109375,0.010418574015299479,-3.475006103515625,0.2824074116156057,0.5277777900919318,16.147222318031172,35.47499942779541,0,0,1,24,1
home,2026-01-25 00:00:00+00,0.2972222201319205,-3.650000035762787,4.924999952316284,91.84722222222221,59.25,99,1004.7864587571885,1002.3000183105469,1006.6999969482422,0.06874974568684895,-2.17498779296875,0.3229166666666667,-3.6999613444010038,0.4829793001579888,1.0763888582587242,152.94015088767716,418.8999938964844,0.5034722222222222,3.5,1,25,1
home,2026-01-26 00:00:00+00,2.571527774988984,-1.0250000059604645,6.975000023841858,91.73958333333333,76.75,99,1008.9645830790201,1004.8249969482422,1010.6999969482422,0.6197923024495443,-1.2749786376953125,1.5052083333333333,-1.6999969482421875,0.3056917224152415,0.930555559694767,164.63500076333682,342.0250015258789,0.5,3,1,26,1
home,2026-01-27 00:00:00+00,4.937499975164731,2.25,7.824999928474426,98.96875,98.5,99,1002.8104159037272,997.7250061035156,1008.8000030517578,-1.4010416666666667,-2.774993896484375,-2.9041671752929688,-4.4250030517578125,0.4246399192553427,0.9791666502133012,50.52000035444895,111.85000038146973,0.09375,0.75,1,27,0
home,2026-01-28 00:00:00+00,0.8590277642166863,-2.425000011920929,4.224999964237213,91.64583333333333,83.25,98.25,1000.1249993642172,997.7500152587891,1004.4750061035156,0.7489585876464844,-1.4499969482421875,1.1354166666666667,-2.649993896484375,0.3930152990058929,0.9861111082136631,113.04393987944631,278.1000061035156,0.3020833333333333,2,1,28,1
home,2026-01-29 00:00:00+00,1.248611100250855,-3.075000047683716,7.8749998807907104,92.52083333333333,73,99,1004.9093729654948,1003.8000030517578,1006.6499938964844,0.2770824432373047,-1.399993896484375,0.7562491099039713,-1.274993896484375,0.28326023451722504,0.9999999776482582,132.0704539978143,388.1499938964844,0.3958333333333333,3.25,1,29,1
home,2026-01-30 00:00:00+00,4.23958332487382,0.5249999985098839,9.799999952316284,88.20833333333333,62,99,1006.8135407765707,1001.875,1009.5999908447266,-0.4531256357828776,-2.5500030517578125,-0.48229217529296875,-4.5999908447265625,0.6195533770848723,1.187500011175871,182.61591011647022,404.2749938964844,0.6354166666666666,3.5,1,30,0
home,2026-01-31 00:00:00+00,5.438541661947966,0.7750000059604645,9.675000190734863,69.125,44.25,99,1006.752082824707,999.8000030517578,1014.5249938964844,1.4687493642171223,-2.425018310546875,2.4354165395100913,-4.9750213623046875,0.8846064835010716,2.020833343267441,160.8939389965751,414.4750061035156,0.5416666666666666,3.75,1,31,0
home,2026-02-01 00:00:00+00,3.0548611082033155,-0.8749999850988388,10.199999809265137,85.64583333333333,59.75,99,1013.1729151407877,1010.7000122070312,1015.1750030517578,-0.3812491099039714,-2.75,-0.49479103088378906,-3.5500030517578125,0.36419753485393747,0.9999999850988388,187.09772691582185,435.375,0.6354166666666666,3.75,2,32,1
home,2026-02-02 00:00:00+00,3.6635416478901686,0.10000000397364299,6.850000023841858,98.32291666666667,92.25,99,1003.5270792643229,998.5249938964844,1009.9499969482422,-1.4208335876464844,-3.3749847412109375,-3.053124745686849,-5.5,0.4677579351035612,1.1249999850988388,47.4931810349226,109.34999656677246,0.041666666666666664,0.5,2,33,0
home,2026-02-03 00:00:00+00,2.8968749989289795,-0.5500000193715096,8.850000143051147,89.16666666666667,62.75,99,1004.3354167938232,1000.9499969482422,1006.4750061035156,0.5375010172526041,-1.875,1.2520840962727864,-2.2750091552734375,0.5291666695641146,1.1805555373430252,201.9780301397497,486.0749969482422,0.7291666666666666,4.25,2,34,0
home,2026-02-04 00:00:00+00,1.5520833340835651,-1.399999976158142,6.200000047683716,96.22916666666667,82.25,99,998.3260428110758,995.6500091552734,1003.0250091552734,-0.6458326975504557,-2.925018310546875,-1.4291667938232422,-5,0.3073361872289425,0.4166666716337204,81.5340907636917,208.8249969482422,0.16666666666666666,1.5,2,35,1
home,2026-02-05 00:00:00+00,3.544791665212769,0.17500000074505806,7.549999952316284,95.71875,82.5,99,997.3458347320557,993.7999877929688,999.4250030517578,-0.15000152587890625,-4.199981689453125,-0.3822924296061198,-4.9749755859375,0.5104166666045785,1.75,37.77575760176688,65.09999942779541,0,0,2,36,1
home,2026-02-06 00:00:00+00,7.1083333641290665,3.4250000715255737,11.375,79.04166666666667,62.25,99,1003.6677074432373,997.9499969482422,1007.1499938964844,1.1406256357828777,-0.1000213623046875,2.4249998728434243,0.6500244140625,0.6749194856274172,1.3125000149011612,237.8045458387245,529.8500061035156,0.9270833333333334,4.75,2,37,1
home,2026-02-07 00:00:00+00,3.658333344669599,0.15000000409781933,8.775000095367432,88.76041666666667,63,99,1008.7666625976562,1006,1010.3750152587891,0.29895782470703125,-1.2249908447265625,0.7333329518636068,-1.399993896484375,0.45587384250635904,1.2222222089767456,231.48409145122224,501.9749984741211,0.8333333333333334,4.25,2,38,1
home,2026-02-08 00:00:00+00,3.7076388807812086,-0.9000000059604645,10.549999952316284,93.52083333333333,74.5,99,1006.9468733469645,1004.5500030517578,1010.9250030517578,0.16145896911621094,-2.649993896484375,0.10625012715657552,-5.024993896484375,0.40478395165668596,0.9166666567325592,210.23636463013563,496.9750061035156,0.7395833333333334,4.25,2,39,1
home,2026-02-09 00:00:00+00,4.187500000931323,0.4750000089406967,9.075000047683716,92.71875,76.5,99,1010.4531281789144,1009.8249969482422,1011.1999969482422,-0.07499949137369792,-0.82501220703125,0.04062652587890625,-1.04998779296875,0.39880952141469433,1.3888888657093048,206.92727191475305,468.9499969482422,0.7395833333333334,4,2,40,1
home,2026-02-10 00:00:00+00,8.280208334326744,3.149999976158142,14.650000095367432,92.94791666666667,70,99,1008.8944433000353,1007.9250030517578,1009.9666748046875,-0.23645846048990884,-1.024993896484375,-0.5364589691162109,-1.850006103515625,0.44386573925924794,1.0347222089767456,182.87196792255747,547.9749908447266,0.625,5,2,41,1
home,2026-02-11 00:00:00+00,9.228749988476435,6.8500001430511475,13.100000143051147,82.64999999999999,66.5,99,1008.9139565785727,1004.0500030517578,1012.1999969482422,-0.4354178110758464,-2.425018310546875,-0.6416664123535156,-4.2250213623046875,0.5925540131723716,1.6319444179534912,185.86909012577752,448.75,0.6124999999999999,3.75,2,42,0
